scan	thread_id	sender	note
2026-04-23	19dba6b2aabdcc77	donotreply@jobalert.indeed.com	2 URLs extracted
2026-04-23	19dba575813e9d49	donotreply@jobalert.indeed.com	1 URL extracted
2026-04-23	19dba4d1be743a7d	donotreply@jobalert.indeed.com	1 URL extracted
2026-04-23	19dba2a85a15ffaf	donotreply@jobalert.indeed.com	1 URL extracted
2026-04-23	19dba1ddd0ef5226	donotreply@jobalert.indeed.com	0 URLs (Junior filter)
2026-04-23	19db9f84054cd35d	donotreply@jobalert.indeed.com	1 URL extracted
2026-04-23	19db9f18a7c52232	donotreply@jobalert.indeed.com	0 URLs (non-dev role)
2026-04-23	19db9dcfec1207e9	donotreply@jobalert.indeed.com	1 URL extracted
2026-04-23	19db5864b4ae880c	donotreply@jobalert.indeed.com	0 URLs (all sponsored)
2026-04-23	19db54876dd81495	donotreply@jobalert.indeed.com	0 URLs (dup Netformic)
2026-04-23	19db53aec58ad336	donotreply@jobalert.indeed.com	0 URLs (all sponsored)
2026-04-23	19db4e301fb2e837	donotreply@jobalert.indeed.com	1 URL extracted
2026-04-23	19db4c04bbce7097	donotreply@jobalert.indeed.com	0 URLs (dup Junior)
2026-04-23	19db4b46e83e17bc	donotreply@jobalert.indeed.com	0 URLs (non-dev)
2026-04-23	19db4ad574d7d646	alerts@welcometothejungle.com	2 URLs (tracking-wrapped)
2026-04-23	19db9313b8a07e3d	no-reply@justjoin.it	FALLBACK scrape (MCP body empty)
2026-04-23	19db92d56171fc5c	no-reply@justjoin.it	FALLBACK scrape (MCP body empty)
2026-04-23	19db92ce30a614ef	no-reply@justjoin.it	FALLBACK scrape (MCP body empty)
2026-04-23	19db406d84fcb02d	no-reply@justjoin.it	FALLBACK scrape (MCP body empty)
2026-04-23	19db400b06548d2c	no-reply@justjoin.it	FALLBACK scrape (MCP body empty)
2026-04-23	19db3ff6b1d37a66	no-reply@justjoin.it	FALLBACK scrape (MCP body empty)
2026-04-23	19db87555cf7810c	notifications@nofluffjobs.com	FALLBACK scrape (MCP body empty)
2026-04-23	19db87555b2463ed	notifications@nofluffjobs.com	FALLBACK scrape (MCP body empty)
2026-04-23	19db87555a562c54	notifications@nofluffjobs.com	FALLBACK scrape (MCP body empty)
2026-04-23	19db326528e5d64d	notifications@nofluffjobs.com	FALLBACK scrape (MCP body empty)
2026-04-23	19db326501062415	notifications@nofluffjobs.com	FALLBACK scrape (MCP body empty)
2026-04-24	19dbabfea90a9b3f	donotreply@jobalert.indeed.com	0 URLs (only 1 non-sponsored jk=7ac9b004484b7c = already #035)
2026-04-24	19dba54b77092b67	info@email.stepstone.de	0 URLs (registration confirmation email)
2026-04-24	19dba5142a8f5657	info@email.stepstone.at	0 URLs (registration confirmation email)
2026-04-24	19dba3fc1ea824dc	news@profil.karriere.at	0 URLs (welcome/account confirmation email)
2026-04-24	19dbe52898869f2f	no-reply@justjoin.it	FALLBACK scrape JS remote (MCP body empty) — 10 URLs extracted
2026-04-24	19dbe4e5bb3186c9	no-reply@justjoin.it	FALLBACK scrape NET remote (MCP body empty) — 15 URLs extracted
2026-04-24	19dbe4de50d7fb24	no-reply@justjoin.it	FALLBACK scrape JS+Angular remote (MCP body empty) — 10 URLs extracted
2026-04-24	19dbd88ff91df26d	notifications@nofluffjobs.com	FALLBACK scrape NFJ-angular-remote via Chrome DevTools — 10 URLs extracted
2026-04-24	19dbd88fcf949eb3	notifications@nofluffjobs.com	FALLBACK scrape NFJ-csharp-fullstack-remote via Chrome DevTools — 5 URLs extracted
2026-04-24	19dbd88fc92c341e	notifications@nofluffjobs.com	FALLBACK scrape NFJ-net-fullstack-remote via Chrome DevTools — 10 URLs extracted
2026-04-27	19dcdca196127b68	no-reply@justjoin.it	0 URLs (MCP body empty — fallback scrape N/A in batch)
2026-04-27	19dcdc839fde7f08	no-reply@justjoin.it	0 URLs (MCP body empty — fallback scrape N/A in batch)
2026-04-26	19dca4c484ba0d6b	donotreply@jobalert.indeed.com	0 URLs (tracking-wrapped, jk unreliable)
2026-04-26	19dca3c9083fd419	donotreply@jobalert.indeed.com	0 URLs (tracking-wrapped, jk unreliable)
2026-04-26	19dc9e77579408ef	notifications@nofluffjobs.com	0 URLs (MCP body empty — fallback scrape N/A in batch)
2026-04-26	19dc9e67df363744	notifications@nofluffjobs.com	0 URLs (MCP body empty — fallback scrape N/A in batch)
2026-04-26	19dc9e67c500c433	notifications@nofluffjobs.com	0 URLs (MCP body empty — fallback scrape N/A in batch)
2026-04-26	19dc9cd4bff467c6	donotreply@jobalert.indeed.com	0 URLs (tracking-wrapped, jk unreliable)
2026-04-26	19dc9cb2e179e3a5	donotreply@jobalert.indeed.com	0 URLs (tracking-wrapped, jk unreliable)
2026-04-26	19dc898f98854008	no-reply@justjoin.it	0 URLs (MCP body empty — fallback scrape N/A in batch)
2026-04-26	19dc8985859f455e	no-reply@justjoin.it	0 URLs (MCP body empty — fallback scrape N/A in batch)
2026-04-26	19dc898273ac6b64	no-reply@justjoin.it	0 URLs (MCP body empty — fallback scrape N/A in batch)
2026-04-25	19dc505554ef68f6	donotreply@jobalert.indeed.com	0 URLs (tracking-wrapped, jk unreliable)
2026-04-25	19dc4ee1d84c0957	donotreply@jobalert.indeed.com	0 URLs (tracking-wrapped, jk unreliable)
2026-04-25	19dc4cae188a3be7	donotreply@jobalert.indeed.com	0 URLs (tracking-wrapped, jk unreliable)
2026-04-25	19dc4ae6638fc41d	donotreply@jobalert.indeed.com	0 URLs (tracking-wrapped, jk unreliable)
2026-04-25	19dc468d9f18f12b	donotreply@jobalert.indeed.com	0 URLs (tracking-wrapped, jk unreliable)
2026-04-25	19dc455e03b6bce2	donotreply@jobalert.indeed.com	0 URLs (tracking-wrapped, jk unreliable)
2026-04-25	19dc442496b5a005	donotreply@jobalert.indeed.com	0 URLs (tracking-wrapped, jk unreliable)
2026-04-25	19dc42351fa61bcf	alerts@welcometothejungle.com	0 URLs (WTJ tracking-wrapped)
2026-04-25	19dc4224acefbc86	alerts@welcometothejungle.com	0 URLs (WTJ tracking-wrapped)
2026-04-25	19dc375e71e10b14	no-reply@justjoin.it	0 URLs (MCP body empty — fallback scrape N/A in batch)
2026-04-25	19dc3721cdd6ce8f	no-reply@justjoin.it	0 URLs (MCP body empty — fallback scrape N/A in batch)
2026-04-25	19dc371c2ab58e72	no-reply@justjoin.it	0 URLs (MCP body empty — fallback scrape N/A in batch)
2026-04-25	19dc2a3970ac4824	notifications@nofluffjobs.com	0 URLs (MCP body empty — fallback scrape N/A in batch)
2026-04-25	19dc2a396803099d	notifications@nofluffjobs.com	0 URLs (MCP body empty — fallback scrape N/A in batch)
2026-04-25	19dc2a395c3a1c96	notifications@nofluffjobs.com	0 URLs (MCP body empty — fallback scrape N/A in batch)
2026-04-24	19dbfed7cf8d6835	no-reply@karriere.at	0 URLs (account confirmation, not job alert)
2026-04-24	19dbfd0045303e03	donotreply@jobalert.indeed.com	0 URLs (tracking-wrapped, jk unreliable)
2026-04-24	19dbfaa8ae02d527	donotreply@jobalert.indeed.com	0 URLs (tracking-wrapped, jk unreliable)
2026-04-24	19dbf6a3fb7c7846	donotreply@jobalert.indeed.com	0 URLs (tracking-wrapped, jk unreliable)
2026-04-24	19dbf587918ebd23	donotreply@jobalert.indeed.com	0 URLs (tracking-wrapped, jk unreliable)
2026-04-27	19dcdffc5765ab18	notifications@nofluffjobs.com	0 URLs (MCP body empty — fallback scrape N/A in batch)
2026-04-27	19dcdffc5b34b74a	notifications@nofluffjobs.com	0 URLs (MCP body empty — fallback scrape N/A in batch)
2026-04-27	19dcdffc5a65100d	notifications@nofluffjobs.com	0 URLs (MCP body empty — fallback scrape N/A in batch)
2026-04-27	19dcdd78902271be	no-reply@justjoin.it	0 URLs (MCP body empty — fallback scrape N/A in batch)
2026-04-27	19dcdb7755eb7d5b	jobs@mail.xing.com	2 URLs (XING tracking-wrapped, already in pipeline)
2026-04-27	19dcdb68fcb6ce98	jobs@mail.xing.com	7 URLs (XING tracking-wrapped, partial duplicates in pipeline)
2026-04-27	19dca180b1dbf2a1	app@germantechjobs.de	0 URLs (Python/GenAI role — noise-filtered)
2026-04-27	19dc87fb6d2a7ff5	jobs@mail.xing.com	6 URLs (XING tracking-wrapped, partial duplicates in pipeline)
2026-04-27	19dc8753138fc22d	jobs@mail.xing.com	4 URLs (XING tracking-wrapped, partial duplicates in pipeline)
2026-04-27	19dc7e51366b2204	info@jobagent.stepstone.de	0 URLs (account confirmation notification, not job alert)
2026-04-27	19dc7e5038a3b002	info@jobagent.stepstone.de	0 URLs (account confirmation notification, not job alert)
2026-04-27	19dc3dd67c0fe401	jobalert@mailing.theprotocol.it	0 URLs (empty body, parse error)
2026-04-27	19dc3d6f77c45c39	jobalert@mailing.theprotocol.it	0 URLs (duplicate GOLDENORE listing)
2026-04-27	19dc3cee1741505c	jobalert@mailing.theprotocol.it	0 URLs (duplicate GOLDENORE listing)
2026-04-27	19dc3bf4c4134c50	jobalert@mailing.theprotocol.it	0 URLs (duplicate GOLDENORE listing)
2026-04-27	19dc356c262264dd	jobs@mail.xing.com	7 URLs (XING tracking-wrapped, duplicates in pipeline)
2026-04-27	19dc3569374731c6	jobs@mail.xing.com	4 URLs (XING tracking-wrapped, duplicates in pipeline)
2026-04-27	19dc29cd6109cb18	info@jobagent.stepstone.de	0 URLs (account confirmation notification, not job alert)
2026-04-27	19dc279f9c213871	info@jobagent.stepstone.de	0 URLs (account confirmation notification, not job alert)
2026-04-27	19dc279f2ab6d0ad	info@jobagent.stepstone.de	0 URLs (account confirmation notification, not job alert)
2026-04-27	19dc4d6104342f74	app@germantechjobs.de	0 URLs (Lead Integration Engineer — lead filter)
2026-04-26	19dc9cd4bff467c6	donotreply@jobalert.indeed.com	0 URLs (tracking-wrapped, jk unreliable)
2026-04-26	19dc9cb2e179e3a5	donotreply@jobalert.indeed.com	0 URLs (tracking-wrapped, jk unreliable)
2026-04-26	19dc971b72303ecb	donotreply@jobalert.indeed.com	0 URLs (tracking-wrapped, jk unreliable)
2026-04-26	19dc9408c85ee9d6	donotreply@jobalert.indeed.com	0 URLs (tracking-wrapped, jk unreliable)
2026-04-26	19dbf55dd732f617	donotreply@jobalert.indeed.com	0 URLs (tracking-wrapped, jk unreliable)
2026-04-26	19dbf42415cd06d2	donotreply@jobalert.indeed.com	0 URLs (tracking-wrapped, jk unreliable)
2026-04-26	19dbf3bc2d743929	donotreply@jobalert.indeed.com	0 URLs (tracking-wrapped, jk unreliable)
2026-04-26	19dbf36bf5a79e4f	donotreply@jobalert.indeed.com	0 URLs (tracking-wrapped, jk unreliable)
2026-04-27	19dca3c9083fd419	donotreply@jobalert.indeed.com	1 URL extracted (it-novum, jk=14d2c04d79111ef2 via QP decode)
2026-04-27	19dca4c484ba0d6b	donotreply@jobalert.indeed.com	0 URLs (only sponsored TriFact365)
2026-04-27	19dc9cd4bff467c6	donotreply@jobalert.indeed.com	1 URL (it-novum dup) — already in pipeline
2026-04-27	19dc9cb2e179e3a5	donotreply@jobalert.indeed.com	1 URL (it-novum dup) — already in pipeline
2026-04-27	19dc971b72303ecb	donotreply@jobalert.indeed.com	1 URL extracted (Netformic, jk=2012676b43c0542c via QP decode)
2026-04-27	19dc9408c85ee9d6	donotreply@jobalert.indeed.com	0 URLs (Keen QA, Prolific AI training — non-dev)
2026-04-27	19dc505554ef68f6	donotreply@jobalert.indeed.com	0 URLs (only sponsored TriFact365)
2026-04-27	19dc4ee1d84c0957	donotreply@jobalert.indeed.com	1 URL (it-novum dup); GIGA.GREEN jk QP-unreliable
2026-04-27	19dc4cae188a3be7	donotreply@jobalert.indeed.com	1 URL (it-novum dup) — already in pipeline
2026-04-27	19dc4ae6638fc41d	donotreply@jobalert.indeed.com	1 URL (Netformic dup); GIGA.GREEN jk QP-unreliable
2026-04-27	19dc468d9f18f12b	donotreply@jobalert.indeed.com	0 URLs (Keen QA, Alpaca Crypto, Prolific AI — all non-dev)
2026-04-27	19dc7e51366b2204	info@jobagent.stepstone.de	1 URL extracted (EvoLogics 13571346 via Case B magiclink-returnUrl); 9 more jobs in body NOT processed (token budget) — needs rescan
2026-04-27	19dcf4cd6ed4dc0d	donotreply@jobalert.indeed.com	0 URLs (none extracted)
2026-04-27	19dcf468a7980fcb	jobalerts-noreply@linkedin.com	6 URLs extracted (direct)
2026-04-27	19dcf21ed6591c5e	donotreply@jobalert.indeed.com	1 URL extracted (direct)
2026-04-27	19dcef4c4c4a4b55	donotreply@jobalert.indeed.com	0 URLs (none extracted)
2026-04-27	19dcecb9f91ed86a	donotreply@jobalert.indeed.com	0 URLs (none extracted)
2026-04-27	19dce7020fa6a92d	alerts@welcometothejungle.com	1 URL extracted (tracker)
2026-04-27	19dcdffc5b34b74a	notifications@nofluffjobs.com	6 URLs extracted (base64)
2026-04-27	19dcdffc5a65100d	notifications@nofluffjobs.com	3 URLs extracted (base64)
2026-04-27	19dcdffc5765ab18	notifications@nofluffjobs.com	6 URLs extracted (base64)
2026-04-27	19dcdd78902271be	no-reply@justjoin.it	8 URLs extracted (direct)
2026-04-27	19dcdca196127b68	no-reply@justjoin.it	9 URLs extracted (direct)
2026-04-27	19dcdc839fde7f08	no-reply@justjoin.it	2 URLs extracted (direct)
2026-04-27	19dcdb7755eb7d5b	jobs@mail.xing.com	0 URLs (all 22 trackers unresolved)
2026-04-27	19dca4c484ba0d6b	donotreply@jobalert.indeed.com	0 URLs (none extracted)
2026-04-27	19dc9e77579408ef	notifications@nofluffjobs.com	11 URLs extracted (base64)
2026-04-27	19dc9e67df363744	notifications@nofluffjobs.com	7 URLs extracted (base64)
2026-04-27	19dc9e67c500c433	notifications@nofluffjobs.com	6 URLs extracted (base64)
2026-04-27	19dc898f98854008	no-reply@justjoin.it	8 URLs extracted (direct)
2026-04-27	19dc8985859f455e	no-reply@justjoin.it	7 URLs extracted (direct)
2026-04-27	19dc898273ac6b64	no-reply@justjoin.it	9 URLs extracted (direct)
2026-04-27	19dc505554ef68f6	donotreply@jobalert.indeed.com	0 URLs (none extracted)
2026-04-27	19dc455e03b6bce2	donotreply@jobalert.indeed.com	0 URLs (none extracted)
2026-04-27	19dc442496b5a005	donotreply@jobalert.indeed.com	0 URLs (none extracted)
2026-04-27	19dc42351fa61bcf	alerts@welcometothejungle.com	1 URL extracted (tracker)
2026-04-27	19dc4224acefbc86	alerts@welcometothejungle.com	1 URL extracted (tracker)
2026-04-27	19dc3dd67c0fe401	jobalert@mailing.theprotocol.it	9 URLs extracted (direct)
2026-04-27	19dc375e71e10b14	no-reply@justjoin.it	9 URLs extracted (direct)
2026-04-27	19dc3721cdd6ce8f	no-reply@justjoin.it	9 URLs extracted (direct)
2026-04-27	19dc371c2ab58e72	no-reply@justjoin.it	7 URLs extracted (direct)
2026-04-27	19dc2a3970ac4824	notifications@nofluffjobs.com	1 URL extracted (base64)
2026-04-27	19dc2a396803099d	notifications@nofluffjobs.com	1 URL extracted (base64)
2026-04-27	19dc2a395c3a1c96	notifications@nofluffjobs.com	0 URLs (none extracted)
2026-04-27	19dbfd0045303e03	donotreply@jobalert.indeed.com	0 URLs (none extracted)
2026-04-27	19dbfaa8ae02d527	donotreply@jobalert.indeed.com	1 URL extracted (direct)
2026-04-27	19dbf6a3fb7c7846	donotreply@jobalert.indeed.com	1 URL extracted (direct)
2026-04-27	19dbf587918ebd23	donotreply@jobalert.indeed.com	0 URLs (none extracted)
2026-04-27	19dbf55dd732f617	donotreply@jobalert.indeed.com	2 URLs extracted (direct)
2026-04-27	19dbf42415cd06d2	donotreply@jobalert.indeed.com	0 URLs (none extracted)
2026-04-27	19dbf3bc2d743929	donotreply@jobalert.indeed.com	2 URLs extracted (direct)
2026-04-27	19dbf36bf5a79e4f	donotreply@jobalert.indeed.com	3 URLs extracted (direct)
2026-04-28	19dd2ecf3a49d064	no-reply@justjoin.it	7 URLs extracted (direct)
2026-04-28	19dd2e7c5adb5405	no-reply@justjoin.it	6 URLs extracted (direct)
2026-04-28	19dd2dca34b07402	jobs@mail.xing.com	0 URLs (all 1 trackers unresolved)
2026-04-28	19dd2d13cf65940a	jobs@mail.xing.com	0 URLs (none extracted)
2026-04-28	19dd22ed58807f9a	notifications@nofluffjobs.com	4 URLs extracted (base64)
2026-04-28	19dd22ed3383818c	notifications@nofluffjobs.com	0 URLs (none extracted)
2026-04-28	19dd22ed1ad035a6	notifications@nofluffjobs.com	0 URLs (none extracted)
2026-04-28	19dd020999bb218d	jobalerts-noreply@linkedin.com	6 URLs extracted (direct)
2026-04-28	19dcfb4713d36e2d	jobalerts-noreply@linkedin.com	6 URLs extracted (direct)
2026-04-28	19dcf653f2ad84ab	donotreply@jobalert.indeed.com	0 URLs (none extracted)
2026-04-28	19dcf4cd6ed4dc0d	donotreply@jobalert.indeed.com	0 URLs (none extracted)
2026-04-28	19dcef4c4c4a4b55	donotreply@jobalert.indeed.com	0 URLs (none extracted)
2026-04-28	19dcecb9f91ed86a	donotreply@jobalert.indeed.com	0 URLs (none extracted)
2026-04-28	19dd2dca34b07402	jobs@mail.xing.com	0 URLs (all 1 trackers unresolved)
2026-04-28	19dd2d13cf65940a	jobs@mail.xing.com	0 URLs (none extracted)
2026-04-28	19dd22ed3383818c	notifications@nofluffjobs.com	0 URLs (none extracted)
2026-04-28	19dd22ed1ad035a6	notifications@nofluffjobs.com	0 URLs (none extracted)
2026-04-28	19dd1b8fa8ca07fe	info@jobagent.stepstone.at	0 URLs (all 22 trackers unresolved)
2026-04-28	19dd1b8e1d156fe7	info@jobagent.stepstone.at	0 URLs (all 40 trackers unresolved)
2026-04-28	19dd1b8b1553f349	info@jobagent.stepstone.at	0 URLs (all 31 trackers unresolved)
2026-04-28	19dcf653f2ad84ab	donotreply@jobalert.indeed.com	0 URLs (none extracted)
2026-04-28	19dcf4cd6ed4dc0d	donotreply@jobalert.indeed.com	0 URLs (none extracted)
2026-04-28	19dcef4c4c4a4b55	donotreply@jobalert.indeed.com	0 URLs (none extracted)
2026-04-28	19dcecb9f91ed86a	donotreply@jobalert.indeed.com	0 URLs (none extracted)
2026-04-28	19dcebd05ef14a86	info@jobagent.stepstone.at	0 URLs (all 40 trackers unresolved)
2026-04-28	19dd2ecf3a49d064	no-reply@justjoin.it	0 URLs (none extracted)
2026-04-28	19dd2e7c5adb5405	no-reply@justjoin.it	0 URLs (none extracted)
2026-04-28	19dd2dca34b07402	jobs@mail.xing.com	8 URLs extracted (tracker)
2026-04-28	19dd2d13cf65940a	jobs@mail.xing.com	6 URLs extracted (tracker)
2026-04-28	19dd22ed58807f9a	notifications@nofluffjobs.com	0 URLs (none extracted)
2026-04-28	19dd22ed3383818c	notifications@nofluffjobs.com	0 URLs (none extracted)
2026-04-28	19dd22ed1ad035a6	notifications@nofluffjobs.com	0 URLs (none extracted)
2026-04-28	19dd020999bb218d	jobalerts-noreply@linkedin.com	0 URLs (none extracted)
2026-04-28	19dcfb4713d36e2d	jobalerts-noreply@linkedin.com	0 URLs (none extracted)
2026-04-28	19dcf653f2ad84ab	donotreply@jobalert.indeed.com	0 URLs (none extracted)
2026-04-28	19dcf4cd6ed4dc0d	donotreply@jobalert.indeed.com	0 URLs (none extracted)
2026-04-28	19dcf468a7980fcb	jobalerts-noreply@linkedin.com	0 URLs (none extracted)
2026-04-28	19dcf21ed6591c5e	donotreply@jobalert.indeed.com	0 URLs (none extracted)
2026-04-28	19dcef4c4c4a4b55	donotreply@jobalert.indeed.com	0 URLs (none extracted)
2026-04-28	19dcecb9f91ed86a	donotreply@jobalert.indeed.com	0 URLs (none extracted)
2026-04-28	19dce7020fa6a92d	alerts@welcometothejungle.com	1 URL extracted (tracker)
2026-04-28	19dcdffc5b34b74a	notifications@nofluffjobs.com	0 URLs (none extracted)
2026-04-28	19dcdffc5a65100d	notifications@nofluffjobs.com	0 URLs (none extracted)
2026-04-28	19dcdffc5765ab18	notifications@nofluffjobs.com	0 URLs (none extracted)
2026-04-30	19ddd70a7b089d32	jobalerts-noreply@linkedin.com	1 URLs (direct, auto-match=0, deferred=1)
2026-04-30	19ddd6f2ed9eb4d0	jobalert@mailing.theprotocol.it	8 URLs (direct, auto-match=8, deferred=0)
2026-04-30	19ddd45a8a75eed9	no-reply@justjoin.it	3 URLs (direct, auto-match=0, deferred=3)
2026-04-30	19ddd379535fae72	no-reply@justjoin.it	5 URLs (direct, auto-match=5, deferred=0)
2026-04-30	19ddd35d9368dee5	jobs@mail.xing.com	10 URLs (tracker, auto-match=9, deferred=1)
2026-04-30	19ddd31230d9717a	jobs@mail.xing.com	10 URLs (tracker, auto-match=8, deferred=2)
2026-04-30	19ddc90ed5faf892	notifications@nofluffjobs.com	0 URLs (none extracted)
2026-04-30	19ddc90ec6ca2cd6	notifications@nofluffjobs.com	2 URLs (base64, auto-match=2, deferred=0)
2026-04-30	19ddc8e40963a81d	info@jobagent.stepstone.de	10 URLs (tracker, auto-match=0, deferred=10)
2026-04-30	19ddc7d3a763014a	info@jobagent.stepstone.de	10 URLs (tracker, auto-match=0, deferred=10)
2026-04-30	19dda42a7a7a7b4f	jobs@mail.xing.com	20 URLs (tracker, auto-match=6, deferred=14)
2026-04-30	19dd9654566ca4a6	donotreply@jobalert.indeed.com	1 URLs (direct, auto-match=0, deferred=1)
2026-04-30	19dd954d752772b2	donotreply@jobalert.indeed.com	1 URLs (direct, auto-match=1, deferred=0)
2026-04-30	19dd93a8edeac50b	donotreply@jobalert.indeed.com	0 URLs (none extracted)
2026-04-30	19dd927e3cc45573	donotreply@jobalert.indeed.com	2 URLs (direct, auto-match=0, deferred=2)
2026-04-30	19dd91c5edfb04e9	donotreply@jobalert.indeed.com	2 URLs (direct, auto-match=2, deferred=0)
2026-04-30	19dd919685f93822	donotreply@jobalert.indeed.com	3 URLs (direct, auto-match=0, deferred=3)
2026-04-30	19dd8e65a7974efc	donotreply@jobalert.indeed.com	1 URLs (direct, auto-match=1, deferred=0)
2026-04-30	19dd8e31cf56fa1b	donotreply@jobalert.indeed.com	1 URLs (direct, auto-match=1, deferred=0)
2026-04-30	19dd8b783371c29c	jobalerts-noreply@linkedin.com	8 URLs (direct, auto-match=8, deferred=0)
2026-04-30	19dd87649e390d2c	jobalert@mailing.theprotocol.it	5 URLs (direct, auto-match=5, deferred=0)
2026-04-30	19dd874cb1abd033	jobalert@mailing.theprotocol.it	7 URLs (direct, auto-match=1, deferred=6)
2026-04-30	19dd86afd69a97d7	jobalert@mailing.theprotocol.it	7 URLs (direct, auto-match=6, deferred=1)
2026-04-30	19dd85e8eb6f6ad5	jobalert@mailing.theprotocol.it	6 URLs (direct, auto-match=6, deferred=0)
2026-04-30	19dd849a75e3e371	jobalerts-noreply@linkedin.com	4 URLs (direct, auto-match=4, deferred=0)
2026-04-30	19dd812721f32f5e	no-reply@justjoin.it	7 URLs (direct, auto-match=4, deferred=3)
2026-04-30	19dd80e54db6252d	no-reply@justjoin.it	10 URLs (direct, auto-match=10, deferred=0)
2026-04-30	19dd809a3c1bf688	jobs@mail.xing.com	5 URLs (tracker, auto-match=1, deferred=4)
2026-04-30	19dd808be222110e	jobs@mail.xing.com	5 URLs (tracker, auto-match=1, deferred=4)
2026-04-30	19dd74295de87434	notifications@nofluffjobs.com	3 URLs (base64, auto-match=3, deferred=0)
2026-04-30	19dd74295a48d8f7	notifications@nofluffjobs.com	3 URLs (base64, auto-match=3, deferred=0)
2026-04-30	19dd7429475be3b9	notifications@nofluffjobs.com	2 URLs (base64, auto-match=1, deferred=1)
2026-04-30	19dd73582c7008ca	info@jobagent.stepstone.de	10 URLs (tracker, auto-match=0, deferred=10)
2026-04-30	19dd71fe0387ba4c	info@jobagent.stepstone.de	10 URLs (tracker, auto-match=0, deferred=10)
2026-04-30	19dd71fada9301d1	info@jobagent.stepstone.de	8 URLs (tracker, auto-match=0, deferred=8)
2026-04-30	19dd4a258d031cd6	notifications@nofluffjobs.com	5 URLs (base64, auto-match=5, deferred=0)
2026-04-30	19dd49ef67d13226	notifications@nofluffjobs.com	6 URLs (base64, auto-match=3, deferred=3)
2026-04-30	19dd49eb8879d95c	notifications@nofluffjobs.com	2 URLs (base64, auto-match=0, deferred=2)
2026-04-30	19dd464e8905ddac	app@germantechjobs.de	1 URLs (direct, auto-match=0, deferred=1)
2026-04-30	19dd462d0979c370	donotreply@jobalert.indeed.com	1 URLs (direct, auto-match=0, deferred=1)
2026-04-30	19dd44a494cd8f3e	donotreply@jobalert.indeed.com	0 URLs (none extracted)
2026-04-30	19dd44718f5a6627	donotreply@jobalert.indeed.com	1 URLs (direct, auto-match=1, deferred=0)
2026-04-30	19dd43f9b04d8fa7	donotreply@jobalert.indeed.com	3 URLs (direct, auto-match=3, deferred=0)
2026-04-30	19dd43665b6cd8df	donotreply@jobalert.indeed.com	2 URLs (direct, auto-match=0, deferred=2)
2026-04-30	19dd3fbea4834526	donotreply@jobalert.indeed.com	1 URLs (direct, auto-match=1, deferred=0)
2026-04-30	19dd3f7d1af8d1bd	donotreply@jobalert.indeed.com	1 URLs (direct, auto-match=1, deferred=0)
2026-04-30	19dd3ea21eda8811	donotreply@jobalert.indeed.com	2 URLs (direct, auto-match=2, deferred=0)
2026-05-04	19df2a35c4e1b635	donotreply@jobalert.indeed.com	1 URLs (direct, auto-match=0, deferred=1)
2026-05-04	19df2774da0d065f	jobalerts-noreply@linkedin.com	3 URLs (direct, auto-match=0, deferred=3)
2026-05-04	19df26cd14b1dffc	donotreply@jobalert.indeed.com	0 URLs (none extracted)
2026-05-04	19df21c141a7cb44	notifications@nofluffjobs.com	2 URLs (base64, auto-match=0, deferred=2)
2026-05-04	19df21c13d19510f	notifications@nofluffjobs.com	3 URLs (base64, auto-match=3, deferred=0)
2026-05-04	19df21c125a281ed	notifications@nofluffjobs.com	2 URLs (base64, auto-match=2, deferred=0)
2026-05-04	19df1e8c36eb0b29	jobs@mail.xing.com	5 URLs (tracker, auto-match=3, deferred=2)
2026-05-04	19df1e5ed9ea7311	jobs@mail.xing.com	5 URLs (tracker, auto-match=3, deferred=2)
2026-05-04	19dee4b849ec9144	no-reply@justjoin.it	5 URLs (direct, auto-match=5, deferred=0)
2026-05-04	19dee1f1814a7764	donotreply@jobalert.indeed.com	0 URLs (none extracted)
2026-05-04	19dee063f49df4b0	notifications@nofluffjobs.com	3 URLs (base64, auto-match=3, deferred=0)
2026-05-04	19dee063df8e891a	notifications@nofluffjobs.com	4 URLs (base64, auto-match=1, deferred=3)
2026-05-04	19dee063c214e9f3	notifications@nofluffjobs.com	1 URLs (base64, auto-match=1, deferred=0)
2026-05-04	19dedc99f43b12c6	donotreply@jobalert.indeed.com	1 URLs (direct, auto-match=1, deferred=0)
2026-05-04	19dedbf3301626a1	jobalerts-noreply@linkedin.com	6 URLs (direct, auto-match=0, deferred=6)
2026-05-04	19ded7b2cd5dabbb	donotreply@jobalert.indeed.com	1 URLs (direct, auto-match=0, deferred=1)
2026-05-04	19ded708912c64e5	donotreply@jobalert.indeed.com	0 URLs (none extracted)
2026-05-04	19ded50ef0642d3b	jobalerts-noreply@linkedin.com	1 URLs (direct, auto-match=0, deferred=1)
2026-05-04	19deceb27eeed521	jobalert@mailing.theprotocol.it	6 URLs (direct, auto-match=1, deferred=5)
2026-05-04	19dece31c319ddee	jobalerts-noreply@linkedin.com	1 URLs (direct, auto-match=0, deferred=1)
2026-05-04	19dec93b0d3d91d9	jobs@mail.xing.com	3 URLs (tracker, auto-match=1, deferred=2)
2026-05-04	19dec88e3a95434c	jobs@mail.xing.com	2 URLs (tracker, auto-match=1, deferred=1)
2026-05-04	19de8df7fe0914ed	donotreply@jobalert.indeed.com	1 URLs (direct, auto-match=1, deferred=0)
2026-05-04	19de8819ad48c182	donotreply@jobalert.indeed.com	1 URLs (direct, auto-match=0, deferred=1)
2026-05-04	19de84288342034b	donotreply@jobalert.indeed.com	0 URLs (none extracted)
2026-05-04	19de7be9f301743c	jobalerts-noreply@linkedin.com	5 URLs (direct, auto-match=5, deferred=0)
2026-05-04	19de775ae0205cfd	jobs@mail.xing.com	8 URLs (tracker, auto-match=4, deferred=4)
2026-05-04	19de7688a7f17d3b	jobs@mail.xing.com	9 URLs (tracker, auto-match=4, deferred=5)
2026-05-04	19de6b2451526119	notifications@nofluffjobs.com	0 URLs (none extracted)
2026-05-04	19de6b244b708f68	notifications@nofluffjobs.com	1 URLs (base64, auto-match=0, deferred=1)
2026-05-04	19de6b243418666c	notifications@nofluffjobs.com	0 URLs (none extracted)
2026-05-04	19de4196fab2dbad	donotreply@jobalert.indeed.com	1 URLs (direct, auto-match=1, deferred=0)
2026-05-04	19de40ecff4b8a98	app@germantechjobs.de	1 URLs (direct, auto-match=0, deferred=1)
2026-05-04	19de40ae97c0f8c0	donotreply@jobalert.indeed.com	0 URLs (none extracted)
2026-05-04	19de3e672527e603	no-reply@justjoin.it	5 URLs (direct, auto-match=5, deferred=0)
2026-05-04	19de39a83d68d16a	donotreply@jobalert.indeed.com	2 URLs (direct, auto-match=2, deferred=0)
2026-05-04	19de393e04cc3921	donotreply@jobalert.indeed.com	1 URLs (direct, auto-match=0, deferred=1)
2026-05-04	19de38221d59aaf1	donotreply@jobalert.indeed.com	1 URLs (direct, auto-match=1, deferred=0)
2026-05-04	19de372a68d0b8d5	donotreply@jobalert.indeed.com	1 URLs (direct, auto-match=1, deferred=0)
2026-05-04	19de36d2027bb219	donotreply@jobalert.indeed.com	0 URLs (none extracted)
2026-05-04	19de363f499aba62	donotreply@jobalert.indeed.com	1 URLs (direct, auto-match=1, deferred=0)
2026-05-04	19de3635ac2a3fd4	donotreply@jobalert.indeed.com	2 URLs (direct, auto-match=0, deferred=2)
2026-05-04	19de356baed4853e	donotreply@jobalert.indeed.com	2 URLs (direct, auto-match=0, deferred=2)
2026-05-05	19df75b1fe67d3e1	jobalert@mailing.theprotocol.it	7 URLs (direct, auto-match=5, deferred=2)
2026-05-05	19df73c1867f3006	jobalert@mailing.theprotocol.it	9 URLs (direct, auto-match=4, deferred=5)
2026-05-05	19df7317c1df9e0d	jobalert@mailing.theprotocol.it	10 URLs (direct, auto-match=9, deferred=1)
2026-05-05	19df72eaa4043c26	jobalert@mailing.theprotocol.it	8 URLs (direct, auto-match=8, deferred=0)
2026-05-05	19df6f9b74bae96b	no-reply@justjoin.it	5 URLs (direct, auto-match=5, deferred=0)
2026-05-05	19df6f4ca4899732	no-reply@justjoin.it	6 URLs (direct, auto-match=6, deferred=0)
2026-05-05	19df6f41b1035dbd	jobs@mail.xing.com	7 URLs (tracker, auto-match=4, deferred=3)
2026-05-05	19df6eaa59155702	jobs@mail.xing.com	10 URLs (tracker, auto-match=3, deferred=7)
2026-05-05	19df62f7326eabe7	notifications@nofluffjobs.com	1 URLs (base64, auto-match=0, deferred=1)
2026-05-05	19df62f716e7dc8c	notifications@nofluffjobs.com	1 URLs (base64, auto-match=1, deferred=0)
2026-05-05	19df62f6f6da4b10	notifications@nofluffjobs.com	1 URLs (base64, auto-match=1, deferred=0)
2026-05-05	19df3b8698022737	app@germantechjobs.de	2 URLs (direct, auto-match=1, deferred=1)
2026-05-05	19df35cec0945f31	jobs@mail.xing.com	7 URLs (tracker, auto-match=7, deferred=0)
2026-05-05	19df343b316575b3	notifications@nofluffjobs.com	6 URLs (base64, auto-match=5, deferred=1)
2026-05-05	19df335c53069d9d	donotreply@jobalert.indeed.com	0 URLs (none extracted)
2026-05-05	19df3057b1a57535	donotreply@jobalert.indeed.com	1 URLs (direct, auto-match=1, deferred=0)
2026-05-05	19df2f962db8b228	donotreply@jobalert.indeed.com	0 URLs (none extracted)
2026-05-05	19df2d1bbb20b74b	jobs@mail.xing.com	7 URLs (tracker, auto-match=7, deferred=0)
2026-05-05	19df2a35c4e1b635	donotreply@jobalert.indeed.com	1 URLs (direct, auto-match=0, deferred=1)
2026-05-05	19df2774da0d065f	jobalerts-noreply@linkedin.com	3 URLs (direct, auto-match=0, deferred=3)
2026-05-05	19df26cd14b1dffc	donotreply@jobalert.indeed.com	0 URLs (none extracted)
2026-05-06	19dfc29653deff84	jobs@mail.xing.com	1 URLs (tracker, auto-match=0, deferred=1)
2026-05-06	19dfc286ef8878c2	jobs@mail.xing.com	1 URLs (tracker, auto-match=1, deferred=0)
2026-05-06	19dfc28066166072	jobs@mail.xing.com	6 URLs (tracker, auto-match=0, deferred=6)
2026-05-06	19dfc20ba996c75d	no-reply@justjoin.it	9 URLs (direct, auto-match=5, deferred=4)
2026-05-06	19dfc1fb88b3f04a	jobs@mail.xing.com	10 URLs (tracker, auto-match=4, deferred=6)
2026-05-06	19dfc1a85cb1dcad	no-reply@justjoin.it	5 URLs (direct, auto-match=5, deferred=0)
2026-05-06	19dfc1959d6289b7	no-reply@justjoin.it	2 URLs (direct, auto-match=2, deferred=0)
2026-05-06	19dfc12c0e41dccd	jobs@mail.xing.com	10 URLs (tracker, auto-match=4, deferred=6)
2026-05-06	19dfc0d9ed8a8778	jobs@mail.xing.com	6 URLs (tracker, auto-match=4, deferred=2)
2026-05-06	19dfc0d39968337a	jobs@mail.xing.com	5 URLs (tracker, auto-match=5, deferred=0)
2026-05-06	19dfc0d2f8f6dd09	jobs@mail.xing.com	4 URLs (tracker, auto-match=2, deferred=2)
2026-05-06	19dfc0b448c05388	jobs@mail.xing.com	5 URLs (tracker, auto-match=5, deferred=0)
2026-05-06	19dfc04ca2dde844	jobs@mail.xing.com	7 URLs (tracker, auto-match=5, deferred=2)
2026-05-06	19dfc048bf5ddf3a	jobs@mail.xing.com	10 URLs (tracker, auto-match=2, deferred=8)
2026-05-06	19dfc03726379e83	jobs@mail.xing.com	2 URLs (tracker, auto-match=2, deferred=0)
2026-05-06	19dfbfe2b5646be2	jobs@mail.xing.com	6 URLs (tracker, auto-match=6, deferred=0)
2026-05-06	19dfb4ac335ba3d8	notifications@nofluffjobs.com	3 URLs (base64, auto-match=2, deferred=1)
2026-05-06	19dfb4ac2ee30a49	notifications@nofluffjobs.com	1 URLs (base64, auto-match=1, deferred=0)
2026-05-06	19dfb4ac2cf4b78e	notifications@nofluffjobs.com	1 URLs (base64, auto-match=1, deferred=0)
2026-05-06	19df977102e4ab16	donotreply@jobalert.indeed.com	3 URLs (direct, auto-match=0, deferred=3)
2026-05-06	19df8fdf7a91681e	jobs@mail.xing.com	20 URLs (tracker, auto-match=6, deferred=14)
2026-05-06	19df89312bddf8f4	jobs@mail.xing.com	7 URLs (tracker, auto-match=6, deferred=1)
2026-05-06	19df87ee9b543018	jobalerts-noreply@linkedin.com	8 URLs (direct, auto-match=8, deferred=0)
2026-05-06	19df85c2746513dc	donotreply@jobalert.indeed.com	0 URLs (none extracted)
2026-05-06	19df855ff3dc16f6	notifications@nofluffjobs.com	6 URLs (base64, auto-match=5, deferred=1)
2026-05-06	19df8557f05e1954	notifications@nofluffjobs.com	7 URLs (base64, auto-match=6, deferred=1)
2026-05-06	19df8292875aeda2	donotreply@jobalert.indeed.com	1 URLs (direct, auto-match=1, deferred=0)
2026-05-06	19df8223b03ab922	donotreply@jobalert.indeed.com	1 URLs (direct, auto-match=0, deferred=1)
2026-05-06	19df80e226c1bbdc	donotreply@jobalert.indeed.com	3 URLs (direct, auto-match=0, deferred=3)
2026-05-06	19df7f223510a98b	donotreply@jobalert.indeed.com	0 URLs (none extracted)
2026-05-06	19df7c82f75a4ba0	donotreply@jobalert.indeed.com	0 URLs (none extracted)
2026-05-06	19df7b72c7e56f42	jobs@mail.xing.com	7 URLs (tracker, auto-match=3, deferred=4)
2026-05-06	19df7b61ce93ba2e	jobs@mail.xing.com	7 URLs (tracker, auto-match=7, deferred=0)
2026-05-06	19df7b5edb8cd481	jobs@mail.xing.com	7 URLs (tracker, auto-match=2, deferred=5)
2026-05-06	19df7b1aa7f74d35	jobs@mail.xing.com	7 URLs (tracker, auto-match=3, deferred=4)
2026-05-06	19df79db717c847d	jobalerts-noreply@linkedin.com	4 URLs (direct, auto-match=0, deferred=4)
2026-05-06	19df75b1fe67d3e1	jobalert@mailing.theprotocol.it	2 URLs (direct, auto-match=0, deferred=2)
2026-05-06	19df73c1867f3006	jobalert@mailing.theprotocol.it	5 URLs (direct, auto-match=0, deferred=5)
2026-05-06	19df7317c1df9e0d	jobalert@mailing.theprotocol.it	3 URLs (direct, auto-match=2, deferred=1)
2026-05-06	19df72eaa4043c26	jobalert@mailing.theprotocol.it	2 URLs (direct, auto-match=2, deferred=0)
2026-05-07	19e017c9415f6106	jobalerts-noreply@linkedin.com	4 URLs (direct, auto-match=0, deferred=4)
2026-05-07	19e0153e4b8fd9b1	no-reply@justjoin.it	10 URLs (direct, auto-match=6, deferred=4)
2026-05-07	19e014b18a9f65f6	no-reply@justjoin.it	8 URLs (direct, auto-match=8, deferred=0)
2026-05-07	19e013d3ba985d1d	jobs@mail.xing.com	1 URLs (tracker, auto-match=1, deferred=0)
2026-05-07	19e01345444d3e2b	jobs@mail.xing.com	10 URLs (tracker, auto-match=2, deferred=8)
2026-05-07	19e012b9dfee6b0f	jobs@mail.xing.com	10 URLs (tracker, auto-match=2, deferred=8)
2026-05-07	19e01266c77c8ba6	jobs@mail.xing.com	10 URLs (tracker, auto-match=10, deferred=0)
2026-05-07	19e012669dfc63df	jobs@mail.xing.com	10 URLs (tracker, auto-match=10, deferred=0)
2026-05-07	19e012485c95f906	jobs@mail.xing.com	10 URLs (tracker, auto-match=10, deferred=0)
2026-05-07	19e0124095fb1359	jobs@mail.xing.com	10 URLs (tracker, auto-match=1, deferred=9)
2026-05-07	19e01223dd7b608e	jobs@mail.xing.com	9 URLs (tracker, auto-match=9, deferred=0)
2026-05-07	19e011d632de704f	jobs@mail.xing.com	10 URLs (tracker, auto-match=9, deferred=1)
2026-05-07	19e011cc1655a6b9	jobs@mail.xing.com	10 URLs (tracker, auto-match=1, deferred=9)
2026-05-07	19e01187e2a82937	jobs@mail.xing.com	1 URLs (tracker, auto-match=1, deferred=0)
2026-05-07	19e0118146bc255a	jobs@mail.xing.com	4 URLs (tracker, auto-match=4, deferred=0)
2026-05-07	19e0064f6e3f5f72	notifications@nofluffjobs.com	6 URLs (base64, auto-match=2, deferred=4)
2026-05-07	19e0064f5aa91840	notifications@nofluffjobs.com	1 URLs (base64, auto-match=1, deferred=0)
2026-05-07	19e0064f38c0794c	notifications@nofluffjobs.com	1 URLs (base64, auto-match=1, deferred=0)
2026-05-07	19dfe0599576698c	app@germantechjobs.de	2 URLs (direct, auto-match=1, deferred=1)
2026-05-07	19dfdbfdce879df4	no-reply@justjoin.it	0 URLs (none extracted)
2026-05-07	19dfd8d5f009bca6	donotreply@jobalert.indeed.com	1 URLs (direct, auto-match=1, deferred=0)
2026-05-07	19dfd6dd9ee4ecc8	jobs@mail.xing.com	1 URLs (tracker, auto-match=1, deferred=0)
2026-05-07	19dfd668b14acee5	jobs@mail.xing.com	7 URLs (tracker, auto-match=7, deferred=0)
2026-05-07	19dfd35cba614c0a	donotreply@jobalert.indeed.com	2 URLs (direct, auto-match=0, deferred=2)
2026-05-07	19dfd31e761b1942	jobalerts-noreply@linkedin.com	6 URLs (direct, auto-match=0, deferred=6)
2026-05-07	19dfcefba94ca00d	donotreply@jobalert.indeed.com	1 URLs (direct, auto-match=1, deferred=0)
2026-05-07	19dfcb6dcf6c7340	donotreply@jobalert.indeed.com	0 URLs (none extracted)
2026-05-07	19dfc6b1fb889cbe	jobalert@mailing.theprotocol.it	10 URLs (direct, auto-match=3, deferred=7)
2026-05-07	19dfc673177f563d	jobalert@mailing.theprotocol.it	6 URLs (direct, auto-match=3, deferred=3)
2026-05-07	19dfc65b85e1f779	jobalert@mailing.theprotocol.it	7 URLs (direct, auto-match=7, deferred=0)
2026-05-07	19dfc65ae2b43619	jobalert@mailing.theprotocol.it	9 URLs (direct, auto-match=9, deferred=0)
2026-05-15	19e2ba8db7e901a0	donotreply@jobalert.indeed.com	2 URLs (direct, auto-match=2, deferred=0)
2026-05-15	19e2b6d7b3bc9136	donotreply@jobalert.indeed.com	1 URLs (direct, auto-match=0, deferred=1)
2026-05-15	19e2b1d4ac492bf0	jobalerts-noreply@linkedin.com	3 URLs (direct, auto-match=0, deferred=3)
2026-05-15	19e2ad3f0d3124a0	jobalert@mailing.theprotocol.it	7 URLs (direct, auto-match=3, deferred=4)
2026-05-15	19e2ad10adfee9ac	jobalert@mailing.theprotocol.it	6 URLs (direct, auto-match=6, deferred=0)
2026-05-15	19e2abe973ba2e3b	jobalert@mailing.theprotocol.it	5 URLs (direct, auto-match=5, deferred=0)
2026-05-15	19e2abbb309c777a	jobalert@mailing.theprotocol.it	7 URLs (direct, auto-match=3, deferred=4)
2026-05-15	19e2aaf70b20a3a5	jobalerts-noreply@linkedin.com	8 URLs (direct, auto-match=8, deferred=0)
2026-05-15	19e2a75359a41b7c	no-reply@justjoin.it	2 URLs (direct, auto-match=1, deferred=1)
2026-05-15	19e2a714a913eb86	no-reply@justjoin.it	2 URLs (direct, auto-match=2, deferred=0)
2026-05-15	19e2a60132fc3e33	jobs@mail.xing.com	1 URLs (tracker, auto-match=1, deferred=0)
2026-05-15	19e2a5f5b9447455	jobs@mail.xing.com	1 URLs (tracker, auto-match=1, deferred=0)
2026-05-15	19e2a5f101b79b87	jobs@mail.xing.com	1 URLs (tracker, auto-match=1, deferred=0)
2026-05-15	19e2a5efba84e2df	jobs@mail.xing.com	1 URLs (tracker, auto-match=1, deferred=0)
2026-05-15	19e2a4e775018f08	jobs@mail.xing.com	2 URLs (tracker, auto-match=2, deferred=0)
2026-05-15	19e2a4e0a648c0e9	jobs@mail.xing.com	4 URLs (tracker, auto-match=2, deferred=2)
2026-05-15	19e2a4dd3e432433	jobs@mail.xing.com	10 URLs (tracker, auto-match=1, deferred=9)
2026-05-15	19e2a4b8730a7332	jobs@mail.xing.com	2 URLs (tracker, auto-match=2, deferred=0)
2026-05-15	19e2a4b18e5c51b2	jobs@mail.xing.com	2 URLs (tracker, auto-match=2, deferred=0)
2026-05-15	19e2a4b18d9e171f	jobs@mail.xing.com	2 URLs (tracker, auto-match=2, deferred=0)
2026-05-15	19e29a68ad3691d0	notifications@nofluffjobs.com	6 URLs (base64, auto-match=2, deferred=4)
2026-05-15	19e29a689b7abd9f	notifications@nofluffjobs.com	0 URLs (none extracted)
2026-05-15	19e29a6884e396bd	notifications@nofluffjobs.com	0 URLs (none extracted)
2026-05-15	19e26fc6961b56db	donotreply@jobalert.indeed.com	1 URLs (direct, auto-match=1, deferred=0)
2026-05-15	19e26e704b6364e8	donotreply@jobalert.indeed.com	1 URLs (direct, auto-match=1, deferred=0)
2026-05-15	19e26de1c0d0f4e7	no-reply@justjoin.it	0 URLs (none extracted)
2026-05-15	19e26ad9f053f535	donotreply@jobalert.indeed.com	1 URLs (direct, auto-match=1, deferred=0)
2026-05-15	19e2652b706996a2	donotreply@jobalert.indeed.com	3 URLs (direct, auto-match=3, deferred=0)
2026-05-15	19e264b59ab7f18f	donotreply@jobalert.indeed.com	5 URLs (direct, auto-match=0, deferred=5)
2026-05-15	19e25aae0ab122d0	jobalert@mailing.theprotocol.it	10 URLs (direct, auto-match=4, deferred=6)
2026-05-15	19e259c705e7aa3b	jobalert@mailing.theprotocol.it	4 URLs (direct, auto-match=4, deferred=0)
2026-05-15	19e258961db1000a	jobalert@mailing.theprotocol.it	4 URLs (direct, auto-match=3, deferred=1)
2026-05-15	19e2589135d98cf0	jobalerts-noreply@linkedin.com	5 URLs (direct, auto-match=0, deferred=5)
2026-05-15	19e255fcc9bed03f	no-reply@justjoin.it	8 URLs (direct, auto-match=5, deferred=3)
2026-05-15	19e2557137747b1c	no-reply@justjoin.it	7 URLs (direct, auto-match=7, deferred=0)
2026-05-15	19e255430a2ab358	no-reply@justjoin.it	3 URLs (direct, auto-match=3, deferred=0)
2026-05-15	19e2543a6c8e935f	jobs@mail.xing.com	3 URLs (tracker, auto-match=1, deferred=2)
2026-05-15	19e253ac5dd06aec	jobs@mail.xing.com	9 URLs (tracker, auto-match=3, deferred=6)
2026-05-15	19e253553acfe303	jobs@mail.xing.com	10 URLs (tracker, auto-match=3, deferred=7)
2026-05-15	19e25334f9ecf77d	jobs@mail.xing.com	5 URLs (tracker, auto-match=3, deferred=2)
2026-05-15	19e25332aed1158c	jobs@mail.xing.com	9 URLs (tracker, auto-match=3, deferred=6)
2026-05-15	19e252ea6428d7b5	jobs@mail.xing.com	6 URLs (tracker, auto-match=3, deferred=3)
2026-05-15	19e252e7e43ee5d3	jobs@mail.xing.com	3 URLs (tracker, auto-match=2, deferred=1)
2026-05-15	19e252e3b26c0d3a	jobs@mail.xing.com	8 URLs (tracker, auto-match=3, deferred=5)
2026-05-15	19e25262c2eefc60	jobs@mail.xing.com	10 URLs (tracker, auto-match=0, deferred=10)
2026-05-15	19e252528e00f936	jobs@mail.xing.com	3 URLs (tracker, auto-match=2, deferred=1)
2026-05-15	19e2523723743313	jobs@mail.xing.com	8 URLs (tracker, auto-match=3, deferred=5)
2026-05-15	19e25236092fd4f7	jobs@mail.xing.com	3 URLs (tracker, auto-match=2, deferred=1)
2026-05-15	19e248e8de0b5682	notifications@nofluffjobs.com	1 URLs (base64, auto-match=1, deferred=0)
2026-05-15	19e248e8d1ca2f57	notifications@nofluffjobs.com	2 URLs (base64, auto-match=1, deferred=1)
2026-05-15	19e248e8bee9e15a	notifications@nofluffjobs.com	1 URLs (base64, auto-match=1, deferred=0)
2026-05-15	19e229a56ebd814d	donotreply@jobalert.indeed.com	1 URLs (direct, auto-match=0, deferred=1)
2026-05-15	19e21caf14630aef	donotreply@jobalert.indeed.com	0 URLs (none extracted)
2026-05-15	19e217fc9d4ef5c8	donotreply@jobalert.indeed.com	1 URLs (direct, auto-match=1, deferred=0)
2026-05-15	19e2162b9ba419f3	donotreply@jobalert.indeed.com	1 URLs (direct, auto-match=1, deferred=0)
2026-05-15	19e215e59c0b7dfd	donotreply@jobalert.indeed.com	1 URLs (direct, auto-match=1, deferred=0)
2026-05-15	19e215dfa35e0f96	donotreply@jobalert.indeed.com	0 URLs (none extracted)
2026-05-15	19e213fb9eab1d1d	donotreply@jobalert.indeed.com	1 URLs (direct, auto-match=1, deferred=0)
2026-05-15	19e21169fbe0efd2	donotreply@jobalert.indeed.com	1 URLs (direct, auto-match=1, deferred=0)
2026-05-15	19e2112e7668e8a2	donotreply@jobalert.indeed.com	1 URLs (direct, auto-match=0, deferred=1)
2026-05-15	19e210e40e3c03be	donotreply@jobalert.indeed.com	6 URLs (direct, auto-match=0, deferred=6)
2026-05-15	19e20f4eb6261fda	donotreply@jobalert.indeed.com	1 URLs (direct, auto-match=1, deferred=0)
2026-05-15	19e20d08e69ed927	jobalerts-noreply@linkedin.com	6 URLs (direct, auto-match=6, deferred=0)
2026-05-15	19e208237c4b88f5	jobalert@mailing.theprotocol.it	8 URLs (direct, auto-match=5, deferred=3)
2026-05-15	19e207c7e7765fb7	jobalert@mailing.theprotocol.it	7 URLs (direct, auto-match=5, deferred=2)
2026-05-15	19e206920f7bcc4b	jobalert@mailing.theprotocol.it	5 URLs (direct, auto-match=4, deferred=1)
2026-05-15	19e2066a0b59785d	jobalert@mailing.theprotocol.it	8 URLs (direct, auto-match=7, deferred=1)
2026-05-15	19e2062b97cccc55	jobalerts-noreply@linkedin.com	7 URLs (direct, auto-match=7, deferred=0)
2026-05-15	19e202c5a364bf6c	no-reply@justjoin.it	5 URLs (direct, auto-match=2, deferred=3)
2026-05-15	19e2026e4125bc05	no-reply@justjoin.it	7 URLs (direct, auto-match=7, deferred=0)
2026-05-15	19e2017fa8d7976e	jobs@mail.xing.com	9 URLs (tracker, auto-match=3, deferred=6)
2026-05-15	19e200e1f943a5e3	jobs@mail.xing.com	10 URLs (tracker, auto-match=3, deferred=7)
2026-05-15	19e2003e2b4c7d68	jobs@mail.xing.com	10 URLs (tracker, auto-match=1, deferred=9)
2026-05-15	19e2003b2d658e72	jobs@mail.xing.com	10 URLs (tracker, auto-match=1, deferred=9)
2026-05-15	19e20039c361d37d	jobs@mail.xing.com	3 URLs (tracker, auto-match=1, deferred=2)
2026-05-15	19e200277dee586f	jobs@mail.xing.com	10 URLs (tracker, auto-match=0, deferred=10)
2026-05-15	19e20000d40d09c8	jobs@mail.xing.com	10 URLs (tracker, auto-match=3, deferred=7)
2026-05-15	19e1ffea9439dbae	jobs@mail.xing.com	8 URLs (tracker, auto-match=2, deferred=6)
2026-05-15	19e1ffe25dcc12a3	jobs@mail.xing.com	4 URLs (tracker, auto-match=2, deferred=2)
2026-05-15	19e1ffdf6aa36b4e	jobs@mail.xing.com	15 URLs (tracker, auto-match=3, deferred=12)
2026-05-15	19e1ffded4b4746c	jobs@mail.xing.com	10 URLs (tracker, auto-match=2, deferred=8)
2026-05-15	19e1f5dcef27d47c	notifications@nofluffjobs.com	6 URLs (base64, auto-match=3, deferred=3)
2026-05-15	19e1f5dcc3883f96	notifications@nofluffjobs.com	0 URLs (none extracted)
2026-05-15	19e1f5dcc33c1fe6	notifications@nofluffjobs.com	0 URLs (none extracted)
2026-05-15	19e1da23530e14f7	jobs@mail.xing.com	20 URLs (tracker, auto-match=6, deferred=14)
2026-05-15	19e1d7c333555500	donotreply@jobalert.indeed.com	1 URLs (direct, auto-match=0, deferred=1)
2026-05-15	19e1d7469db0dc09	app@germantechjobs.de	1 URLs (direct, auto-match=1, deferred=0)
2026-05-15	19e1c4c2c2355c9a	donotreply@jobalert.indeed.com	1 URLs (direct, auto-match=1, deferred=0)
2026-05-15	19e1c47fbd86531b	donotreply@jobalert.indeed.com	0 URLs (none extracted)
2026-05-15	19e1c3eb81f7ac09	donotreply@jobalert.indeed.com	1 URLs (direct, auto-match=1, deferred=0)
2026-05-15	19e1c37f6ba8c48e	donotreply@jobalert.indeed.com	5 URLs (direct, auto-match=0, deferred=5)
2026-05-15	19e1c1a8d0559401	donotreply@jobalert.indeed.com	1 URLs (direct, auto-match=1, deferred=0)
2026-05-15	19e1b5a247d3400b	jobalert@mailing.theprotocol.it	10 URLs (direct, auto-match=5, deferred=5)
2026-05-15	19e1b56e57a51c12	jobalert@mailing.theprotocol.it	6 URLs (direct, auto-match=5, deferred=1)
2026-05-15	19e1b440efc68877	jobalert@mailing.theprotocol.it	7 URLs (direct, auto-match=7, deferred=0)
2026-05-15	19e1b3f7bdb94824	jobalert@mailing.theprotocol.it	5 URLs (direct, auto-match=5, deferred=0)
2026-05-15	19e1b3df61e1a62b	jobalerts-noreply@linkedin.com	5 URLs (direct, auto-match=0, deferred=5)
2026-05-15	19e1b07560fcb97c	no-reply@justjoin.it	9 URLs (direct, auto-match=6, deferred=3)
2026-05-15	19e1b00e26a4f1f7	no-reply@justjoin.it	5 URLs (direct, auto-match=5, deferred=0)
2026-05-15	19e1affadc497db0	no-reply@justjoin.it	2 URLs (direct, auto-match=2, deferred=0)
2026-05-15	19e1ae9fe91ed32a	jobs@mail.xing.com	3 URLs (tracker, auto-match=2, deferred=1)
2026-05-15	19e1ae9fb4de2949	jobs@mail.xing.com	6 URLs (tracker, auto-match=0, deferred=6)
2026-05-15	19e1ae179a6d76e2	jobs@mail.xing.com	1 URLs (tracker, auto-match=1, deferred=0)
2026-05-15	19e1ae14487a86df	jobs@mail.xing.com	6 URLs (tracker, auto-match=0, deferred=6)
2026-05-15	19e1ae13ddde7938	jobs@mail.xing.com	8 URLs (tracker, auto-match=3, deferred=5)
2026-05-15	19e1adf34d5905ba	jobs@mail.xing.com	3 URLs (tracker, auto-match=3, deferred=0)
2026-05-15	19e1addd305f5a3b	jobs@mail.xing.com	1 URLs (tracker, auto-match=1, deferred=0)
2026-05-15	19e1a7a3075685a1	donotreply@jobalert.indeed.com	0 URLs (none extracted)
2026-05-15	19e1a68775f927f1	notifications@nofluffjobs.com	1 URLs (base64, auto-match=0, deferred=1)
2026-05-15	19e1a68760e4b07e	notifications@nofluffjobs.com	0 URLs (none extracted)
2026-05-15	19e1a687490b537b	notifications@nofluffjobs.com	0 URLs (none extracted)
2026-05-15	19e198ff279a630e	donotreply@jobalert.indeed.com	0 URLs (none extracted)
2026-05-15	19e183317765cfd9	app@germantechjobs.de	3 URLs (direct, auto-match=0, deferred=3)
2026-05-15	19e17a8c2e92e4b0	donotreply@jobalert.indeed.com	6 URLs (direct, auto-match=0, deferred=6)
2026-05-15	19e17818be0ca53a	no-reply@justjoin.it	1 URLs (direct, auto-match=1, deferred=0)
2026-05-15	19e1762fd27c075a	donotreply@jobalert.indeed.com	0 URLs (none extracted)
2026-05-15	19e171085edbe3a5	donotreply@jobalert.indeed.com	0 URLs (none extracted)
2026-05-15	19e16bed19e78ca3	donotreply@jobalert.indeed.com	0 URLs (none extracted)
2026-05-15	19e16412887040ca	jobalert@mailing.theprotocol.it	6 URLs (direct, auto-match=0, deferred=6)
2026-05-15	19e1619b2733f8de	jobalert@mailing.theprotocol.it	6 URLs (direct, auto-match=4, deferred=2)
2026-05-15	19e1616001e05b11	jobalerts-noreply@linkedin.com	6 URLs (direct, auto-match=0, deferred=6)
2026-05-15	19e15edb8e4fc3ad	notifications@nofluffjobs.com	3 URLs (base64, auto-match=3, deferred=0)
2026-05-15	19e15edb859ea898	notifications@nofluffjobs.com	2 URLs (base64, auto-match=0, deferred=2)
2026-05-15	19e15eca881df384	notifications@nofluffjobs.com	2 URLs (base64, auto-match=2, deferred=0)
2026-05-15	19e15dc8bfeea81e	jobs@mail.xing.com	1 URLs (tracker, auto-match=0, deferred=1)
2026-05-15	19e15dbdc7831be5	jobs@mail.xing.com	1 URLs (tracker, auto-match=0, deferred=1)
2026-05-15	19e15db8fc2e002a	jobs@mail.xing.com	5 URLs (tracker, auto-match=3, deferred=2)
2026-05-15	19e15db81b375fa7	jobs@mail.xing.com	1 URLs (tracker, auto-match=0, deferred=1)
2026-05-15	19e15db714df0290	jobs@mail.xing.com	2 URLs (tracker, auto-match=0, deferred=2)
2026-05-15	19e15db4d0fc8183	jobs@mail.xing.com	3 URLs (tracker, auto-match=1, deferred=2)
2026-05-15	19e15db0e1d2d172	jobs@mail.xing.com	7 URLs (tracker, auto-match=4, deferred=3)
2026-05-15	19e15daf31617ebe	jobs@mail.xing.com	7 URLs (tracker, auto-match=3, deferred=4)
2026-05-15	19e15d806b1c5516	jobs@mail.xing.com	5 URLs (tracker, auto-match=3, deferred=2)
2026-05-15	19e15d4d85e68786	jobs@mail.xing.com	5 URLs (tracker, auto-match=3, deferred=2)
2026-05-15	19e15cc2fa73172a	jobs@mail.xing.com	4 URLs (tracker, auto-match=0, deferred=4)
2026-05-15	19e13db8e0f732f9	donotreply@jobalert.indeed.com	0 URLs (none extracted)
2026-05-15	19e13c8a257d9205	donotreply@jobalert.indeed.com	0 URLs (none extracted)
2026-05-15	19e1366ce56ee906	donotreply@jobalert.indeed.com	0 URLs (none extracted)
2026-05-15	19e13619f7ce5fce	donotreply@jobalert.indeed.com	2 URLs (direct, auto-match=0, deferred=2)
2026-05-15	19e130cb78d8a71d	app@germantechjobs.de	1 URLs (direct, auto-match=0, deferred=1)
2026-05-15	19e129f6dd33db0a	donotreply@jobalert.indeed.com	1 URLs (direct, auto-match=1, deferred=0)
2026-05-15	19e1295cd59a0b02	donotreply@jobalert.indeed.com	0 URLs (none extracted)
2026-05-15	19e1264576cfea64	donotreply@jobalert.indeed.com	0 URLs (none extracted)
2026-05-15	19e1231e31e5b771	notifications@nofluffjobs.com	2 URLs (base64, auto-match=2, deferred=0)
2026-05-15	19e1231d75ec79ea	notifications@nofluffjobs.com	2 URLs (base64, auto-match=2, deferred=0)
2026-05-15	19e1231d676bdc7b	notifications@nofluffjobs.com	4 URLs (base64, auto-match=1, deferred=3)
2026-05-15	19e1186de6b809ba	donotreply@jobalert.indeed.com	0 URLs (none extracted)
2026-05-15	19e10f05b7839422	jobalerts-noreply@linkedin.com	5 URLs (direct, auto-match=0, deferred=5)
2026-05-15	19e10d975ad4a041	donotreply@jobalert.indeed.com	1 URLs (direct, auto-match=0, deferred=1)
2026-05-15	19e10a039eabfd1c	jobs@mail.xing.com	1 URLs (tracker, auto-match=1, deferred=0)
2026-05-15	19e10987dfe9258c	jobs@mail.xing.com	6 URLs (tracker, auto-match=5, deferred=1)
2026-05-15	19e109438252a433	jobs@mail.xing.com	6 URLs (tracker, auto-match=5, deferred=1)
2026-05-15	19e108ec7d2150b1	jobs@mail.xing.com	6 URLs (tracker, auto-match=2, deferred=4)
2026-05-15	19e108ec5de96e8a	jobs@mail.xing.com	8 URLs (tracker, auto-match=5, deferred=3)
2026-05-15	19e108ec287a6eba	jobs@mail.xing.com	8 URLs (tracker, auto-match=4, deferred=4)
2026-05-15	19e108e878ee1205	jobs@mail.xing.com	9 URLs (tracker, auto-match=5, deferred=4)
2026-05-15	19e108e832062f60	jobs@mail.xing.com	6 URLs (tracker, auto-match=1, deferred=5)
2026-05-15	19e108d77f087735	jobs@mail.xing.com	7 URLs (tracker, auto-match=5, deferred=2)
2026-05-15	19e108b7f6ac791c	jobs@mail.xing.com	3 URLs (tracker, auto-match=2, deferred=1)
2026-05-15	19e10897b6a1af9f	jobs@mail.xing.com	10 URLs (tracker, auto-match=6, deferred=4)
2026-05-15	19e1087d05c3260e	jobs@mail.xing.com	8 URLs (tracker, auto-match=2, deferred=6)
2026-05-15	19e0e28ffe725ed4	donotreply@jobalert.indeed.com	0 URLs (none extracted)
2026-05-15	19e0dcac275e7541	app@germantechjobs.de	2 URLs (direct, auto-match=0, deferred=2)
2026-05-15	19e0d7273608c281	donotreply@jobalert.indeed.com	0 URLs (none extracted)
2026-05-15	19e0d1ae698ead9c	no-reply@justjoin.it	0 URLs (none extracted)
2026-05-15	19e0cbbff55d4fd0	donotreply@jobalert.indeed.com	1 URLs (direct, auto-match=1, deferred=0)
2026-05-15	19e0c6d6f3bd16e4	donotreply@jobalert.indeed.com	1 URLs (direct, auto-match=1, deferred=0)
2026-05-15	19e0c387eb2a5e77	donotreply@jobalert.indeed.com	0 URLs (none extracted)
2026-05-15	19e0bd7a9ffab1f3	jobalert@mailing.theprotocol.it	7 URLs (direct, auto-match=1, deferred=6)
2026-05-15	19e0bcd0e9649619	jobalert@mailing.theprotocol.it	6 URLs (direct, auto-match=4, deferred=2)
2026-05-15	19e0bc9485e19c4d	jobalerts-noreply@linkedin.com	3 URLs (direct, auto-match=3, deferred=0)
2026-05-15	19e0b93391e10109	no-reply@justjoin.it	9 URLs (direct, auto-match=5, deferred=4)
2026-05-15	19e0b8e3eabd9180	no-reply@justjoin.it	5 URLs (direct, auto-match=5, deferred=0)
2026-05-15	19e0b7ce2a905ffe	jobs@mail.xing.com	10 URLs (tracker, auto-match=9, deferred=1)
2026-05-15	19e0b7744db08d54	jobs@mail.xing.com	10 URLs (tracker, auto-match=7, deferred=3)
2026-05-15	19e0b720c87436a5	jobs@mail.xing.com	10 URLs (tracker, auto-match=10, deferred=0)
2026-05-15	19e0b710ea05a5e9	jobs@mail.xing.com	9 URLs (tracker, auto-match=4, deferred=5)
2026-05-15	19e0b6c10f6d3e42	jobs@mail.xing.com	10 URLs (tracker, auto-match=9, deferred=1)
2026-05-15	19e0b6b20916f523	jobs@mail.xing.com	10 URLs (tracker, auto-match=2, deferred=8)
2026-05-15	19e0b699ebc50f13	jobs@mail.xing.com	1 URLs (tracker, auto-match=0, deferred=1)
2026-05-15	19e0b6978de95962	jobs@mail.xing.com	10 URLs (tracker, auto-match=7, deferred=3)
2026-05-15	19e0b68dce5c56e6	jobs@mail.xing.com	10 URLs (tracker, auto-match=7, deferred=3)
2026-05-15	19e0b6744fe83675	jobs@mail.xing.com	10 URLs (tracker, auto-match=7, deferred=3)
2026-05-15	19e0b6584782ff55	jobs@mail.xing.com	12 URLs (tracker, auto-match=11, deferred=1)
2026-05-15	19e0b65712ecee33	jobs@mail.xing.com	10 URLs (tracker, auto-match=3, deferred=7)
2026-05-15	19e0ae2e32f5db14	notifications@nofluffjobs.com	4 URLs (base64, auto-match=2, deferred=2)
2026-05-15	19e0ae2e2c04c53f	notifications@nofluffjobs.com	1 URLs (base64, auto-match=1, deferred=0)
2026-05-15	19e0ae2e1effd2c2	notifications@nofluffjobs.com	1 URLs (base64, auto-match=1, deferred=0)
2026-05-18	19e3b1760aa78ed7	donotreply@jobalert.indeed.com	1 URLs (direct, auto-match=1, deferred=0)
2026-05-18	19e3ae22e3453f25	donotreply@jobalert.indeed.com	1 URLs (direct, auto-match=1, deferred=0)
2026-05-18	19e3a227e39a5bd2	jobalerts-noreply@linkedin.com	5 URLs (direct, auto-match=0, deferred=5)
2026-05-18	19e3a165e2d53a6c	notifications@nofluffjobs.com	3 URLs (base64, auto-match=0, deferred=3)
2026-05-18	19e3a165d6e406c6	notifications@nofluffjobs.com	3 URLs (base64, auto-match=3, deferred=0)
2026-05-18	19e3a165c3a44ab6	notifications@nofluffjobs.com	3 URLs (base64, auto-match=3, deferred=0)
2026-05-18	19e39e15c936d160	jobs@mail.xing.com	8 URLs (tracker, auto-match=4, deferred=4)
2026-05-18	19e39e0ffacf4dc6	jobs@mail.xing.com	5 URLs (tracker, auto-match=4, deferred=1)
2026-05-18	19e39e0e7adf5297	jobs@mail.xing.com	2 URLs (tracker, auto-match=0, deferred=2)
2026-05-18	19e39df6dd0f68e3	jobs@mail.xing.com	1 URLs (tracker, auto-match=0, deferred=1)
2026-05-18	19e39df27b9a9530	jobs@mail.xing.com	1 URLs (tracker, auto-match=1, deferred=0)
2026-05-18	19e39dde599d603b	jobs@mail.xing.com	1 URLs (tracker, auto-match=1, deferred=0)
2026-05-18	19e39d2f5505788e	jobs@mail.xing.com	4 URLs (tracker, auto-match=0, deferred=4)
2026-05-18	19e39d0e72785c2a	jobs@mail.xing.com	2 URLs (tracker, auto-match=1, deferred=1)
2026-05-18	19e39d0c958618a6	jobs@mail.xing.com	4 URLs (tracker, auto-match=0, deferred=4)
2026-05-18	19e39cfa3a83056f	jobs@mail.xing.com	1 URLs (tracker, auto-match=0, deferred=1)
2026-05-18	19e36900788e43b6	donotreply@jobalert.indeed.com	1 URLs (direct, auto-match=1, deferred=0)
2026-05-18	19e36509dd5e45fe	no-reply@justjoin.it	1 URLs (direct, auto-match=1, deferred=0)
2026-05-18	19e3649af1ecfa9f	notifications@nofluffjobs.com	2 URLs (base64, auto-match=2, deferred=0)
2026-05-18	19e3649ac4395db4	notifications@nofluffjobs.com	5 URLs (base64, auto-match=0, deferred=5)
2026-05-18	19e3649ab618a29b	notifications@nofluffjobs.com	1 URLs (base64, auto-match=1, deferred=0)
2026-05-18	19e362d1227ea4c3	donotreply@jobalert.indeed.com	0 URLs (none extracted)
2026-05-18	19e35e847c51d66d	donotreply@jobalert.indeed.com	0 URLs (none extracted)
2026-05-18	19e34fc29c837c67	jobalerts-noreply@linkedin.com	6 URLs (direct, auto-match=0, deferred=6)
2026-05-18	19e34aaabba62ba9	jobs@mail.xing.com	1 URLs (tracker, auto-match=0, deferred=1)
2026-05-18	19e34aa4068ac154	jobs@mail.xing.com	2 URLs (tracker, auto-match=1, deferred=1)
2026-05-18	19e34aa1932ef2a4	jobs@mail.xing.com	2 URLs (tracker, auto-match=1, deferred=1)
2026-05-18	19e34a9f85d54fa8	jobs@mail.xing.com	1 URLs (tracker, auto-match=1, deferred=0)
2026-05-18	19e34a97fd0c88ef	jobs@mail.xing.com	1 URLs (tracker, auto-match=1, deferred=0)
2026-05-18	19e34a900f59b290	jobs@mail.xing.com	1 URLs (tracker, auto-match=1, deferred=0)
2026-05-18	19e34a892856cbac	jobs@mail.xing.com	1 URLs (tracker, auto-match=0, deferred=1)
2026-05-18	19e34a4fbcffc575	jobs@mail.xing.com	6 URLs (tracker, auto-match=2, deferred=4)
2026-05-18	19e34a387a5da28b	jobs@mail.xing.com	6 URLs (tracker, auto-match=2, deferred=4)
2026-05-18	19e349ab39d6b5ef	jobs@mail.xing.com	2 URLs (tracker, auto-match=2, deferred=0)
2026-05-18	19e349a9a4aa6921	jobs@mail.xing.com	3 URLs (tracker, auto-match=1, deferred=2)
2026-05-18	19e30da600294c1d	donotreply@jobalert.indeed.com	0 URLs (none extracted)
2026-05-19	19e3f147b84f8127	no-reply@justjoin.it	9 URLs (direct, auto-match=7, deferred=2)
2026-05-19	19e3f0ba65f3a36f	no-reply@justjoin.it	8 URLs (direct, auto-match=8, deferred=0)
2026-05-19	19e3ef8a2774578f	jobs@mail.xing.com	3 URLs (tracker, auto-match=0, deferred=3)
2026-05-19	19e3ef7ddf71893a	jobs@mail.xing.com	10 URLs (tracker, auto-match=4, deferred=6)
2026-05-19	19e3ee9dca4bb124	jobs@mail.xing.com	3 URLs (tracker, auto-match=1, deferred=2)
2026-05-19	19e3eda5e4984e2f	jobs@mail.xing.com	4 URLs (tracker, auto-match=1, deferred=3)
2026-05-19	19e3e4151369b892	notifications@nofluffjobs.com	2 URLs (base64, auto-match=0, deferred=2)
2026-05-19	19e3e41510038208	notifications@nofluffjobs.com	1 URLs (base64, auto-match=1, deferred=0)
2026-05-19	19e3e415060bc164	notifications@nofluffjobs.com	1 URLs (base64, auto-match=1, deferred=0)
2026-05-19	19e3b85d551c3a55	no-reply@justjoin.it	6 URLs (direct, auto-match=6, deferred=0)
2026-05-19	19e3b524507b8425	donotreply@jobalert.indeed.com	0 URLs (none extracted)
2026-05-19	19e3b4b227d4379a	donotreply@jobalert.indeed.com	0 URLs (none extracted)
2026-05-19	19e3b3ee707620ab	donotreply@jobalert.indeed.com	0 URLs (none extracted)
2026-05-19	19e3b369eb8d3abb	no-reply@justjoin.it	6 URLs (direct, auto-match=6, deferred=0)
2026-05-19	19e3b340ec6bd145	no-reply@justjoin.it	5 URLs (direct, auto-match=5, deferred=0)
2026-05-19	19e3b32bea3bd10c	notifications@nofluffjobs.com	7 URLs (base64, auto-match=7, deferred=0)
2026-05-19	19e3b1760aa78ed7	donotreply@jobalert.indeed.com	0 URLs (none extracted)
2026-05-19	19e3ae22e3453f25	donotreply@jobalert.indeed.com	0 URLs (none extracted)
2026-05-19	19e3a227e39a5bd2	jobalerts-noreply@linkedin.com	5 URLs (direct, auto-match=0, deferred=5)
2026-05-19	19e3a165e2d53a6c	notifications@nofluffjobs.com	3 URLs (base64, auto-match=0, deferred=3)
2026-05-19	19e3a165d6e406c6	notifications@nofluffjobs.com	0 URLs (none extracted)
2026-05-19	19e3a165c3a44ab6	notifications@nofluffjobs.com	0 URLs (none extracted)
2026-05-21	19e49959b75a0c26	jobalerts-noreply@linkedin.com	7 URLs (direct, auto-match=0, deferred=7)
2026-05-21	19e4991e821be252	jobalert@mailing.theprotocol.it	7 URLs (direct, auto-match=2, deferred=5)
2026-05-21	19e496cf70fb9654	no-reply@justjoin.it	5 URLs (direct, auto-match=1, deferred=4)
2026-05-21	19e496244a9469d7	no-reply@justjoin.it	4 URLs (direct, auto-match=4, deferred=0)
2026-05-21	19e493bbb71bce24	jobs@mail.xing.com	7 URLs (tracker, auto-match=4, deferred=3)
2026-05-21	19e4938b92442c1c	jobs@mail.xing.com	5 URLs (tracker, auto-match=1, deferred=4)
2026-05-21	19e4938838d57278	jobs@mail.xing.com	4 URLs (tracker, auto-match=2, deferred=2)
2026-05-21	19e49357c1d9ff1a	jobs@mail.xing.com	3 URLs (tracker, auto-match=2, deferred=1)
2026-05-21	19e488a48a10979c	notifications@nofluffjobs.com	3 URLs (base64, auto-match=1, deferred=2)
2026-05-21	19e488a487a8fa56	notifications@nofluffjobs.com	0 URLs (none extracted)
2026-05-21	19e488a479786eec	notifications@nofluffjobs.com	1 URLs (base64, auto-match=1, deferred=0)
2026-05-21	19e460236ea3263e	donotreply@jobalert.indeed.com	1 URLs (direct, auto-match=1, deferred=0)
2026-05-21	19e45c4699a33b45	no-reply@justjoin.it	1 URLs (direct, auto-match=0, deferred=1)
2026-05-21	19e45944c1877533	donotreply@jobalert.indeed.com	1 URLs (direct, auto-match=1, deferred=0)
2026-05-21	19e456131746423c	donotreply@jobalert.indeed.com	0 URLs (none extracted)
2026-05-21	19e454af3a24a595	donotreply@jobalert.indeed.com	0 URLs (none extracted)
2026-05-21	19e45492d5b3c532	jobalerts-noreply@linkedin.com	4 URLs (direct, auto-match=0, deferred=4)
2026-05-21	19e447ed2659acb4	jobalert@mailing.theprotocol.it	8 URLs (direct, auto-match=6, deferred=2)
2026-05-21	19e4479d60a95b05	jobalert@mailing.theprotocol.it	4 URLs (direct, auto-match=4, deferred=0)
2026-05-21	19e44794fad8b15b	jobalert@mailing.theprotocol.it	8 URLs (direct, auto-match=3, deferred=5)
2026-05-21	19e447691a395d6e	jobalert@mailing.theprotocol.it	3 URLs (direct, auto-match=3, deferred=0)
2026-05-21	19e44385f32a895b	no-reply@justjoin.it	8 URLs (direct, auto-match=1, deferred=7)
2026-05-21	19e44318645d0ee3	no-reply@justjoin.it	2 URLs (direct, auto-match=2, deferred=0)
2026-05-21	19e44311946f467e	no-reply@justjoin.it	4 URLs (direct, auto-match=4, deferred=0)
2026-05-21	19e4421ab5c35ca6	jobs@mail.xing.com	10 URLs (tracker, auto-match=10, deferred=0)
2026-05-21	19e441f7c084a1c7	jobs@mail.xing.com	10 URLs (tracker, auto-match=10, deferred=0)
2026-05-21	19e4419ce38013ec	jobs@mail.xing.com	4 URLs (tracker, auto-match=1, deferred=3)
2026-05-21	19e44175caec45b3	jobs@mail.xing.com	10 URLs (tracker, auto-match=10, deferred=0)
2026-05-21	19e4415490297d69	jobs@mail.xing.com	4 URLs (tracker, auto-match=3, deferred=1)
2026-05-21	19e441546f4eb1ba	jobs@mail.xing.com	1 URLs (tracker, auto-match=0, deferred=1)
2026-05-21	19e441545c2672c4	jobs@mail.xing.com	10 URLs (tracker, auto-match=10, deferred=0)
2026-05-21	19e44126797f625e	jobs@mail.xing.com	10 URLs (tracker, auto-match=7, deferred=3)
2026-05-21	19e4412553711d62	jobs@mail.xing.com	6 URLs (tracker, auto-match=4, deferred=2)
2026-05-21	19e441089b39391f	jobs@mail.xing.com	1 URLs (tracker, auto-match=0, deferred=1)
2026-05-21	19e441089a21ff86	jobs@mail.xing.com	5 URLs (tracker, auto-match=4, deferred=1)
2026-05-21	19e4365356bc242e	notifications@nofluffjobs.com	4 URLs (base64, auto-match=2, deferred=2)
2026-05-21	19e436533077026e	notifications@nofluffjobs.com	1 URLs (base64, auto-match=1, deferred=0)
2026-05-21	19e436532f2a2923	notifications@nofluffjobs.com	1 URLs (base64, auto-match=1, deferred=0)
2026-05-21	19e41424aaa696be	jobs@mail.xing.com	20 URLs (tracker, auto-match=3, deferred=17)
2026-05-21	19e40249eebc9c93	jobalerts-noreply@linkedin.com	6 URLs (direct, auto-match=6, deferred=0)
2026-05-21	19e3f48dd847ac2d	jobalerts-noreply@linkedin.com	3 URLs (direct, auto-match=0, deferred=3)
2026-05-21	19e3f747a58c3de5	jobalert@mailing.theprotocol.it	9 URLs (direct, auto-match=7, deferred=2)
2026-05-21	19e3f72c55e0253b	jobalert@mailing.theprotocol.it	5 URLs (direct, auto-match=5, deferred=0)
2026-05-21	19e3f6fd74cbba7a	jobalert@mailing.theprotocol.it	5 URLs (direct, auto-match=5, deferred=0)
2026-05-22	19e4ebbf560bea8c	jobalerts-noreply@linkedin.com	6 URLs (direct, auto-match=0, deferred=6)
2026-05-22	19e4e85bacb3f76f	no-reply@justjoin.it	3 URLs (direct, auto-match=1, deferred=2)
2026-05-22	19e4e80b9900b149	no-reply@justjoin.it	3 URLs (direct, auto-match=3, deferred=0)
2026-05-22	19e4e770302a1615	jobs@mail.xing.com	1 URLs (tracker, auto-match=0, deferred=1)
2026-05-22	19e4e7628901fdce	jobs@mail.xing.com	1 URLs (tracker, auto-match=0, deferred=1)
2026-05-22	19e4e70a0c53b0ea	jobs@mail.xing.com	7 URLs (tracker, auto-match=2, deferred=5)
2026-05-22	19e4e6d30792534d	jobs@mail.xing.com	9 URLs (tracker, auto-match=3, deferred=6)
2026-05-22	19e4e65095616b3e	jobs@mail.xing.com	4 URLs (tracker, auto-match=0, deferred=4)
2026-05-22	19e4e641524feef8	jobs@mail.xing.com	4 URLs (tracker, auto-match=1, deferred=3)
2026-05-22	19e4e611224439f6	jobs@mail.xing.com	3 URLs (tracker, auto-match=1, deferred=2)
2026-05-22	19e4e5ffe727b780	jobs@mail.xing.com	5 URLs (tracker, auto-match=0, deferred=5)
2026-05-22	19e4e5ffc5d1acd4	jobs@mail.xing.com	3 URLs (tracker, auto-match=0, deferred=3)
2026-05-22	19e4e5eef54b5b9b	jobs@mail.xing.com	3 URLs (tracker, auto-match=1, deferred=2)
2026-05-22	19e4da847bc4c812	notifications@nofluffjobs.com	1 URLs (base64, auto-match=1, deferred=0)
2026-05-22	19e4da84565b151e	notifications@nofluffjobs.com	1 URLs (base64, auto-match=1, deferred=0)
2026-05-22	19e4da8454e84191	notifications@nofluffjobs.com	4 URLs (base64, auto-match=2, deferred=2)
2026-05-22	19e4c7264fc191c9	app@germantechjobs.de	1 URLs (direct, auto-match=0, deferred=1)
2026-05-22	19e4b66af6eaca32	donotreply@jobalert.indeed.com	0 URLs (none extracted)
2026-05-22	19e4a11e9c9b8317	donotreply@jobalert.indeed.com	0 URLs (none extracted)
2026-05-22	19e49959b75a0c26	jobalerts-noreply@linkedin.com	7 URLs (direct, auto-match=0, deferred=7)
2026-05-22	19e49adade2885c5	jobalert@mailing.theprotocol.it	3 URLs (direct, auto-match=3, deferred=0)
2026-05-27	19e695585ff02533	donotreply@jobalert.indeed.com	0 URLs (none extracted)
2026-05-27	19e68fd4e69045a2	donotreply@jobalert.indeed.com	0 URLs (none extracted)
2026-05-27	19e68e99a6530c76	jobalerts-noreply@linkedin.com	1 URLs (direct, auto-match=0, deferred=1)
2026-05-27	19e68a3973f373b6	jobalert@mailing.theprotocol.it	4 URLs (direct, auto-match=3, deferred=1)
2026-05-27	19e687bbde78ed76	jobalerts-noreply@linkedin.com	6 URLs (direct, auto-match=6, deferred=0)
2026-05-27	19e6844b02597486	no-reply@justjoin.it	4 URLs (direct, auto-match=2, deferred=2)
2026-05-27	19e6840b347d048e	no-reply@justjoin.it	10 URLs (direct, auto-match=10, deferred=0)
2026-05-27	19e6823e666de7af	jobs@mail.xing.com	5 URLs (tracker, auto-match=3, deferred=2)
2026-05-27	19e681d629ceb9a8	jobs@mail.xing.com	6 URLs (tracker, auto-match=2, deferred=4)
2026-05-27	19e681aa9e0a122c	jobs@mail.xing.com	1 URLs (tracker, auto-match=1, deferred=0)
2026-05-27	19e681622216030d	jobs@mail.xing.com	4 URLs (tracker, auto-match=2, deferred=2)
2026-05-27	19e6813a5d991999	jobs@mail.xing.com	2 URLs (tracker, auto-match=1, deferred=1)
2026-05-27	19e6813976c9c921	jobs@mail.xing.com	1 URLs (tracker, auto-match=1, deferred=0)
2026-05-27	19e68135a6a5adfe	jobs@mail.xing.com	2 URLs (tracker, auto-match=0, deferred=2)
2026-05-27	19e68135044c9e3b	jobs@mail.xing.com	1 URLs (tracker, auto-match=1, deferred=0)
2026-05-27	19e68131d0166912	jobs@mail.xing.com	2 URLs (tracker, auto-match=1, deferred=1)
2026-05-27	19e68131b68435b2	jobs@mail.xing.com	3 URLs (tracker, auto-match=2, deferred=1)
2026-05-27	19e68131b46ffb8a	jobs@mail.xing.com	1 URLs (tracker, auto-match=1, deferred=0)
2026-05-27	19e6780d12e66f28	notifications@nofluffjobs.com	5 URLs (base64, auto-match=1, deferred=4)
2026-05-27	19e6780d0944f60d	notifications@nofluffjobs.com	0 URLs (none extracted)
2026-05-27	19e6780cf29db36e	notifications@nofluffjobs.com	0 URLs (none extracted)
2026-05-27	19e6539cf5ad1993	donotreply@jobalert.indeed.com	1 URLs (direct, auto-match=1, deferred=0)
2026-05-27	19e64ec43f619637	donotreply@jobalert.indeed.com	5 URLs (direct, auto-match=5, deferred=0)
2026-05-27	19e64ea32231eaf2	jobs@mail.xing.com	20 URLs (tracker, auto-match=1, deferred=19)
2026-05-27	19e64aad5c30f851	no-reply@justjoin.it	1 URLs (direct, auto-match=1, deferred=0)
2026-05-27	19e64a196959a803	donotreply@jobalert.indeed.com	5 URLs (direct, auto-match=5, deferred=0)
2026-05-27	19e643633b8a2775	donotreply@jobalert.indeed.com	1 URLs (direct, auto-match=1, deferred=0)
2026-05-27	19e643127388d9ba	jobalerts-noreply@linkedin.com	6 URLs (direct, auto-match=6, deferred=0)
2026-05-27	19e6361b6bf39c1b	jobalert@mailing.theprotocol.it	7 URLs (direct, auto-match=1, deferred=6)
2026-05-27	19e6355686ef73cd	jobalerts-noreply@linkedin.com	4 URLs (direct, auto-match=0, deferred=4)
2026-05-27	19e631da41f8a2f9	no-reply@justjoin.it	3 URLs (direct, auto-match=2, deferred=1)
2026-05-27	19e6319946efc095	no-reply@justjoin.it	9 URLs (direct, auto-match=9, deferred=0)
2026-05-27	19e6300acad2614b	jobs@mail.xing.com	5 URLs (tracker, auto-match=2, deferred=3)
2026-05-27	19e62fe867406fe4	jobs@mail.xing.com	1 URLs (tracker, auto-match=0, deferred=1)
2026-05-27	19e62fe7ab1c8f3c	jobs@mail.xing.com	1 URLs (tracker, auto-match=0, deferred=1)
2026-05-27	19e62fe763cad6c4	jobs@mail.xing.com	2 URLs (tracker, auto-match=2, deferred=0)
2026-05-27	19e62fe632619203	jobs@mail.xing.com	1 URLs (tracker, auto-match=1, deferred=0)
2026-05-27	19e62f95042b34f0	jobs@mail.xing.com	6 URLs (tracker, auto-match=2, deferred=4)
2026-05-27	19e62f351094a74f	jobs@mail.xing.com	1 URLs (tracker, auto-match=1, deferred=0)
2026-05-27	19e62f2c90d148e4	jobs@mail.xing.com	2 URLs (tracker, auto-match=1, deferred=1)
2026-05-27	19e62ef943df278e	jobs@mail.xing.com	2 URLs (tracker, auto-match=2, deferred=0)
2026-05-27	19e62ef8c5f403d7	jobs@mail.xing.com	1 URLs (tracker, auto-match=1, deferred=0)
2026-05-27	19e62ef64be3ca9d	jobs@mail.xing.com	1 URLs (tracker, auto-match=0, deferred=1)
2026-05-27	19e623b7aae23a8c	notifications@nofluffjobs.com	4 URLs (base64, auto-match=1, deferred=3)
2026-05-27	19e623b7aad7b8e8	notifications@nofluffjobs.com	0 URLs (none extracted)
2026-05-27	19e623b795c24d86	notifications@nofluffjobs.com	1 URLs (base64, auto-match=1, deferred=0)
2026-05-27	19e5e9ce3d5f1cbe	jobalerts-noreply@linkedin.com	4 URLs (direct, auto-match=0, deferred=4)
2026-05-27	19e5e2f06f24bb4c	jobalerts-noreply@linkedin.com	1 URLs (direct, auto-match=0, deferred=1)
2026-05-27	19e5e0b0927248c3	no-reply@justjoin.it	2 URLs (direct, auto-match=2, deferred=0)
2026-05-27	19e5e03882bacb10	notifications@nofluffjobs.com	3 URLs (base64, auto-match=1, deferred=2)
2026-05-27	19e5e02797119546	notifications@nofluffjobs.com	3 URLs (base64, auto-match=3, deferred=0)
2026-05-27	19e5e027893ed535	notifications@nofluffjobs.com	3 URLs (base64, auto-match=3, deferred=0)
2026-05-27	19e5dfc98c983d2f	no-reply@justjoin.it	2 URLs (direct, auto-match=2, deferred=0)
2026-05-27	19e5dcf0f436396b	jobs@mail.xing.com	4 URLs (tracker, auto-match=1, deferred=3)
2026-05-27	19e5dcf01d57032f	jobs@mail.xing.com	6 URLs (tracker, auto-match=1, deferred=5)
2026-05-27	19e5dcebbb99df5a	jobs@mail.xing.com	3 URLs (tracker, auto-match=0, deferred=3)
2026-05-27	19e5dceb4f6af4b8	jobs@mail.xing.com	1 URLs (tracker, auto-match=0, deferred=1)
2026-05-27	19e5dce8bcfc541c	jobs@mail.xing.com	3 URLs (tracker, auto-match=0, deferred=3)
2026-05-27	19e5dce81c3dc8cf	jobs@mail.xing.com	1 URLs (tracker, auto-match=0, deferred=1)
2026-05-27	19e5a527c1471efc	notifications@nofluffjobs.com	1 URLs (base64, auto-match=1, deferred=0)
2026-05-27	19e5a527bcda1e92	notifications@nofluffjobs.com	5 URLs (base64, auto-match=0, deferred=5)
2026-05-27	19e5a527b0f9ee2d	notifications@nofluffjobs.com	3 URLs (base64, auto-match=3, deferred=0)
2026-05-27	19e597684cef183d	jobalerts-noreply@linkedin.com	1 URLs (direct, auto-match=0, deferred=1)
2026-05-27	19e591b034eb3fb6	jobalert@mailing.theprotocol.it	4 URLs (direct, auto-match=4, deferred=0)
2026-05-27	19e5919a06f2af60	jobalert@mailing.theprotocol.it	4 URLs (direct, auto-match=4, deferred=0)
2026-05-27	19e5908ae3f7c509	jobalerts-noreply@linkedin.com	6 URLs (direct, auto-match=0, deferred=6)
2026-05-27	19e59070d4dbc802	jobalert@mailing.theprotocol.it	5 URLs (direct, auto-match=4, deferred=1)
2026-05-27	19e58a557d037be7	jobs@mail.xing.com	1 URLs (tracker, auto-match=1, deferred=0)
2026-05-27	19e58a53d453aa27	jobs@mail.xing.com	1 URLs (tracker, auto-match=1, deferred=0)
2026-05-27	19e58a52934af71f	jobs@mail.xing.com	1 URLs (tracker, auto-match=1, deferred=0)
2026-05-27	19e58a50a3901e12	jobs@mail.xing.com	1 URLs (tracker, auto-match=1, deferred=0)
2026-05-27	19e58a4e91672121	jobs@mail.xing.com	1 URLs (tracker, auto-match=1, deferred=0)
2026-05-27	19e58a4968d235b1	jobs@mail.xing.com	1 URLs (tracker, auto-match=0, deferred=1)
2026-05-27	19e58a48cdfe2b2d	jobs@mail.xing.com	1 URLs (tracker, auto-match=1, deferred=0)
2026-05-27	19e5896d1a308665	jobs@mail.xing.com	1 URLs (tracker, auto-match=1, deferred=0)
2026-05-27	19e56f600fb4515e	app@germantechjobs.de	3 URLs (direct, auto-match=1, deferred=2)
2026-05-27	19e56c0c9ddd5109	donotreply@jobalert.indeed.com	0 URLs (none extracted)
2026-05-27	19e5564eedb0a245	donotreply@jobalert.indeed.com	2 URLs (direct, auto-match=0, deferred=2)
2026-05-27	19e55478afd3e32f	donotreply@jobalert.indeed.com	2 URLs (direct, auto-match=2, deferred=0)
2026-05-27	19e5537affb425fa	no-reply@justjoin.it	1 URLs (direct, auto-match=1, deferred=0)
2026-05-27	19e54db1b19a83a7	donotreply@jobalert.indeed.com	1 URLs (direct, auto-match=1, deferred=0)
2026-05-27	19e54adf7099fadc	jobs@mail.xing.com	1 URLs (tracker, auto-match=0, deferred=1)
2026-05-27	19e540bbc4da1ecf	jobalert@mailing.theprotocol.it	5 URLs (direct, auto-match=4, deferred=1)
2026-05-27	19e53efefc2f627c	jobalert@mailing.theprotocol.it	7 URLs (direct, auto-match=6, deferred=1)
2026-05-27	19e53ee4c056d77f	jobalert@mailing.theprotocol.it	7 URLs (direct, auto-match=6, deferred=1)
2026-05-27	19e53e253dfb8fb6	jobalerts-noreply@linkedin.com	3 URLs (direct, auto-match=0, deferred=3)
2026-05-27	19e53ac9c569686b	no-reply@justjoin.it	4 URLs (direct, auto-match=3, deferred=1)
2026-05-27	19e53a6b9b0c12c1	no-reply@justjoin.it	4 URLs (direct, auto-match=4, deferred=0)
2026-05-27	19e5380d33c192e5	jobs@mail.xing.com	2 URLs (tracker, auto-match=2, deferred=0)
2026-05-27	19e538018d6fa3d1	jobs@mail.xing.com	1 URLs (tracker, auto-match=1, deferred=0)
2026-05-27	19e538012dbc7862	jobs@mail.xing.com	1 URLs (tracker, auto-match=1, deferred=0)
2026-05-27	19e537c6233757ce	jobs@mail.xing.com	5 URLs (tracker, auto-match=2, deferred=3)
2026-05-27	19e5376f889cb7ad	jobs@mail.xing.com	3 URLs (tracker, auto-match=1, deferred=2)
2026-05-27	19e5376f3cc658bb	jobs@mail.xing.com	4 URLs (tracker, auto-match=1, deferred=3)
2026-05-27	19e5375e0cb01d74	jobs@mail.xing.com	3 URLs (tracker, auto-match=0, deferred=3)
2026-05-27	19e53756f730bc14	jobs@mail.xing.com	2 URLs (tracker, auto-match=1, deferred=1)
2026-05-27	19e53756e4de6fc2	jobs@mail.xing.com	4 URLs (tracker, auto-match=1, deferred=3)
2026-05-27	19e53753e64a5fc1	jobs@mail.xing.com	3 URLs (tracker, auto-match=1, deferred=2)
2026-05-27	19e5373f9e988199	jobs@mail.xing.com	2 URLs (tracker, auto-match=1, deferred=1)
2026-05-27	19e52ce9c6c57d54	notifications@nofluffjobs.com	3 URLs (base64, auto-match=3, deferred=0)
2026-05-27	19e52ce9ba69ac2f	notifications@nofluffjobs.com	2 URLs (base64, auto-match=2, deferred=0)
2026-05-27	19e52ce9a97b0cf4	notifications@nofluffjobs.com	2 URLs (base64, auto-match=2, deferred=0)
2026-05-27	19e51b4664a930b2	app@germantechjobs.de	1 URLs (direct, auto-match=0, deferred=1)
2026-05-28	19e6da21da5ac21f	jobalerts-noreply@linkedin.com	5 URLs (direct, auto-match=0, deferred=5)
2026-05-28	19e6d9a8ce3077c5	jobalert@mailing.theprotocol.it	7 URLs (direct, auto-match=6, deferred=1)
2026-05-28	19e6d79095e1e80f	no-reply@justjoin.it	4 URLs (direct, auto-match=4, deferred=0)
2026-05-28	19e6d7121b53ac6c	no-reply@justjoin.it	4 URLs (direct, auto-match=4, deferred=0)
2026-05-28	19e6d4e8901b890a	jobs@mail.xing.com	2 URLs (tracker, auto-match=1, deferred=1)
2026-05-28	19e6d46c99c9a33c	jobs@mail.xing.com	3 URLs (tracker, auto-match=1, deferred=2)
2026-05-28	19e6d46b17535684	jobs@mail.xing.com	10 URLs (tracker, auto-match=7, deferred=3)
2026-05-28	19e6d468a2a608ca	jobs@mail.xing.com	8 URLs (tracker, auto-match=8, deferred=0)
2026-05-28	19e6d464a7fa9f82	jobs@mail.xing.com	10 URLs (tracker, auto-match=8, deferred=2)
2026-05-28	19e6d43d26919aa9	jobs@mail.xing.com	10 URLs (tracker, auto-match=8, deferred=2)
2026-05-28	19e6d3f5ef811df5	jobs@mail.xing.com	9 URLs (tracker, auto-match=9, deferred=0)
2026-05-28	19e6d3f59321d38f	jobs@mail.xing.com	3 URLs (tracker, auto-match=0, deferred=3)
2026-05-28	19e6d3f4b13400d2	jobs@mail.xing.com	9 URLs (tracker, auto-match=9, deferred=0)
2026-05-28	19e6d3ef32e20671	jobs@mail.xing.com	3 URLs (tracker, auto-match=0, deferred=3)
2026-05-28	19e6d3ed84f20916	jobs@mail.xing.com	10 URLs (tracker, auto-match=10, deferred=0)
2026-05-28	19e6d3b3206b4d1f	jobs@mail.xing.com	3 URLs (tracker, auto-match=1, deferred=2)
2026-05-28	19e6c8b4952421f1	notifications@nofluffjobs.com	3 URLs (base64, auto-match=1, deferred=2)
2026-05-28	19e6c8b47bc51388	notifications@nofluffjobs.com	0 URLs (none extracted)
2026-05-28	19e6c8b47a04281e	notifications@nofluffjobs.com	0 URLs (none extracted)
2026-05-28	19e69bae4df00b70	no-reply@justjoin.it	5 URLs (direct, auto-match=5, deferred=0)
2026-05-28	19e69ba470ac7bd1	no-reply@justjoin.it	6 URLs (direct, auto-match=6, deferred=0)
2026-05-28	19e69ba3718bb7e2	no-reply@justjoin.it	5 URLs (direct, auto-match=5, deferred=0)
2026-05-28	19e69931fa57eaa0	donotreply@jobalert.indeed.com	0 URLs (none extracted)
2026-05-28	19e695585ff02533	donotreply@jobalert.indeed.com	0 URLs (none extracted)
2026-05-28	19e68fd4e69045a2	donotreply@jobalert.indeed.com	0 URLs (none extracted)
2026-05-28	19e68e99a6530c76	jobalerts-noreply@linkedin.com	1 URLs (direct, auto-match=0, deferred=1)
2026-05-28	19e68a3973f373b6	jobalert@mailing.theprotocol.it	1 URLs (direct, auto-match=0, deferred=1)
2026-05-29	19e71ae26ca993ba	notifications@nofluffjobs.com	1 URLs (base64, auto-match=1, deferred=0)
2026-05-29	19e71ae2553f6a23	notifications@nofluffjobs.com	1 URLs (base64, auto-match=1, deferred=0)
2026-05-29	19e6f0c6875cb6bf	no-reply@justjoin.it	1 URLs (direct, auto-match=1, deferred=0)
2026-05-29	19e6e939dfdfb3ad	donotreply@jobalert.indeed.com	0 URLs (none extracted)
2026-05-29	19e6e8fa0c8ebcdf	donotreply@jobalert.indeed.com	1 URLs (direct, auto-match=0, deferred=1)
2026-05-29	19e6e50680895053	donotreply@jobalert.indeed.com	0 URLs (none extracted)
2026-05-29	19e6dbde60eb00f1	jobalert@mailing.theprotocol.it	2 URLs (direct, auto-match=2, deferred=0)
2026-05-29	19e6da21da5ac21f	jobalerts-noreply@linkedin.com	5 URLs (direct, auto-match=0, deferred=5)
2026-05-29	19e6d9a8ce3077c5	jobalert@mailing.theprotocol.it	1 URLs (direct, auto-match=0, deferred=1)
2026-05-29	19e6d79095e1e80f	no-reply@justjoin.it	0 URLs (none extracted)
2026-05-29	19e6d7121b53ac6c	no-reply@justjoin.it	0 URLs (none extracted)
2026-05-29	19e6d4e8901b890a	jobs@mail.xing.com	2 URLs (tracker, auto-match=1, deferred=1)
2026-05-29	19e6d46c99c9a33c	jobs@mail.xing.com	3 URLs (tracker, auto-match=1, deferred=2)
2026-05-29	19e6d46b17535684	jobs@mail.xing.com	10 URLs (tracker, auto-match=7, deferred=3)
2026-05-29	19e6d468a2a608ca	jobs@mail.xing.com	8 URLs (tracker, auto-match=8, deferred=0)
2026-05-29	19e6d464a7fa9f82	jobs@mail.xing.com	10 URLs (tracker, auto-match=8, deferred=2)
2026-05-29	19e6d43d26919aa9	jobs@mail.xing.com	10 URLs (tracker, auto-match=8, deferred=2)
2026-05-29	19e6d3f5ef811df5	jobs@mail.xing.com	9 URLs (tracker, auto-match=9, deferred=0)
2026-05-29	19e6d3f59321d38f	jobs@mail.xing.com	3 URLs (tracker, auto-match=0, deferred=3)
2026-05-29	19e6d3f4b13400d2	jobs@mail.xing.com	9 URLs (tracker, auto-match=9, deferred=0)
2026-05-29	19e6d3ef32e20671	jobs@mail.xing.com	3 URLs (tracker, auto-match=0, deferred=3)
2026-05-29	19e6d3ed84f20916	jobs@mail.xing.com	10 URLs (tracker, auto-match=10, deferred=0)
2026-05-29	19e6d3b3206b4d1f	jobs@mail.xing.com	3 URLs (tracker, auto-match=1, deferred=2)
2026-05-30	19e76e605ec14498	notifications@nofluffjobs.com	5 URLs (base64, auto-match=2, deferred=3)
2026-05-30	19e76e601c726806	notifications@nofluffjobs.com	1 URLs (base64, auto-match=1, deferred=0)
2026-05-30	19e76e60071250e4	notifications@nofluffjobs.com	1 URLs (base64, auto-match=1, deferred=0)
2026-05-30	19e741f0b6348e2f	jobs@mail.xing.com	20 URLs (tracker, auto-match=2, deferred=18)
2026-05-30	19e73a14d92d9d60	donotreply@jobalert.indeed.com	1 URLs (direct, auto-match=0, deferred=1)
2026-05-30	19e7396e641700a9	donotreply@jobalert.indeed.com	0 URLs (none extracted)
2026-05-30	19e733c258cb3ed7	donotreply@jobalert.indeed.com	0 URLs (none extracted)
2026-05-30	19e72dc5ad252fec	jobalert@mailing.theprotocol.it	5 URLs (direct, auto-match=5, deferred=0)
2026-05-30	19e72c87b8d10ba4	jobalerts-noreply@linkedin.com	5 URLs (direct, auto-match=0, deferred=5)
2026-05-30	19e7290f53ebda7f	no-reply@justjoin.it	3 URLs (direct, auto-match=2, deferred=1)
2026-05-30	19e728d3a8fa3f00	no-reply@justjoin.it	3 URLs (direct, auto-match=3, deferred=0)
2026-05-30	19e726deaf63a472	jobs@mail.xing.com	3 URLs (tracker, auto-match=1, deferred=2)
2026-05-30	19e726d10f2c4139	jobs@mail.xing.com	4 URLs (tracker, auto-match=1, deferred=3)
2026-05-30	19e726519615ea3c	jobs@mail.xing.com	5 URLs (tracker, auto-match=1, deferred=4)
2026-05-30	19e7264beaa9f755	jobs@mail.xing.com	1 URLs (tracker, auto-match=1, deferred=0)
2026-05-30	19e7264b564c8849	jobs@mail.xing.com	3 URLs (tracker, auto-match=3, deferred=0)
2026-05-30	19e726433bb89d6f	jobs@mail.xing.com	1 URLs (tracker, auto-match=1, deferred=0)
2026-05-30	19e72642eff0cdf0	jobs@mail.xing.com	1 URLs (tracker, auto-match=1, deferred=0)
2026-05-30	19e7260cd35238fb	jobs@mail.xing.com	1 URLs (tracker, auto-match=1, deferred=0)
2026-05-30	19e726094b3cf185	jobs@mail.xing.com	1 URLs (tracker, auto-match=1, deferred=0)
2026-05-30	19e72607cda4e689	jobs@mail.xing.com	3 URLs (tracker, auto-match=0, deferred=3)
2026-05-30	19e726079adf48e7	jobs@mail.xing.com	2 URLs (tracker, auto-match=1, deferred=1)
2026-06-01	19e7e6868026a196	no-reply@justjoin.it	0 URLs (none extracted)
2026-06-01	19e7e2aebf70d97a	notifications@nofluffjobs.com	4 URLs (base64, auto-match=0, deferred=4)
2026-06-01	19e7e2aeb89d4400	notifications@nofluffjobs.com	0 URLs (none extracted)
2026-06-01	19e7e2ae66854de4	notifications@nofluffjobs.com	0 URLs (none extracted)
2026-06-01	19e7de9287576d69	donotreply@jobalert.indeed.com	1 URLs (direct, auto-match=0, deferred=1)
2026-06-01	19e7dba4bb62a9e0	donotreply@jobalert.indeed.com	2 URLs (direct, auto-match=0, deferred=2)
2026-06-01	19e7d15b698cb7ab	jobalerts-noreply@linkedin.com	2 URLs (direct, auto-match=2, deferred=0)
2026-06-01	19e7cb31e41743a2	jobs@mail.xing.com	3 URLs (tracker, auto-match=1, deferred=2)
2026-06-01	19e7cb27a030c955	jobs@mail.xing.com	2 URLs (tracker, auto-match=1, deferred=1)
2026-06-01	19e7cb24b0079048	jobs@mail.xing.com	1 URLs (tracker, auto-match=1, deferred=0)
2026-06-01	19e7cb243992dd35	jobs@mail.xing.com	2 URLs (tracker, auto-match=1, deferred=1)
2026-06-01	19e7cb2012ce6ca8	jobs@mail.xing.com	2 URLs (tracker, auto-match=0, deferred=2)
2026-06-01	19e7cae6e3844583	jobs@mail.xing.com	7 URLs (tracker, auto-match=2, deferred=5)
2026-06-01	19e7ca9b9c850a7f	jobs@mail.xing.com	3 URLs (tracker, auto-match=2, deferred=1)
2026-06-01	19e7ca96acbd6ba1	jobs@mail.xing.com	4 URLs (tracker, auto-match=2, deferred=2)
2026-06-02	19e867423e5f15af	notifications@nofluffjobs.com	0 URLs (none extracted)
2026-06-02	19e8674230d2bf49	notifications@nofluffjobs.com	4 URLs (base64, auto-match=1, deferred=3)
2026-06-02	19e867421176899f	notifications@nofluffjobs.com	0 URLs (none extracted)
2026-06-02	19e82e226b992116	donotreply@jobalert.indeed.com	0 URLs (none extracted)
2026-06-02	19e82d35510ef871	donotreply@jobalert.indeed.com	0 URLs (none extracted)
2026-06-02	19e82c9af3cb19d5	donotreply@jobalert.indeed.com	0 URLs (none extracted)
2026-06-02	19e82a4c1653584f	donotreply@jobalert.indeed.com	2 URLs (direct, auto-match=0, deferred=2)
2026-06-02	19e8252fba0ca9c1	no-reply@justjoin.it	6 URLs (direct, auto-match=6, deferred=0)
2026-06-02	19e8252d66b2e206	no-reply@justjoin.it	6 URLs (direct, auto-match=6, deferred=0)
2026-06-02	19e825262b248db1	no-reply@justjoin.it	6 URLs (direct, auto-match=6, deferred=0)
2026-06-02	19e824fae6257b16	no-reply@justjoin.it	6 URLs (direct, auto-match=6, deferred=0)
2026-06-02	19e824468eb3c405	notifications@nofluffjobs.com	2 URLs (base64, auto-match=0, deferred=2)
2026-06-02	19e82446770b173c	notifications@nofluffjobs.com	0 URLs (none extracted)
2026-06-02	19e824466f7e889b	notifications@nofluffjobs.com	0 URLs (none extracted)
2026-06-02	19e823bac1d05e9e	jobalerts-noreply@linkedin.com	6 URLs (direct, auto-match=6, deferred=0)
2026-06-02	19e81f01bcdedc69	jobs@mail.xing.com	1 URLs (tracker, auto-match=0, deferred=1)
2026-06-02	19e81e52e6ade3dc	jobs@mail.xing.com	4 URLs (tracker, auto-match=0, deferred=4)
2026-06-02	19e81e4cd8f68554	jobs@mail.xing.com	1 URLs (tracker, auto-match=0, deferred=1)
2026-06-02	19e81dfc7e5dda50	jobs@mail.xing.com	1 URLs (tracker, auto-match=0, deferred=1)
2026-06-02	19e81df872d3f803	jobs@mail.xing.com	1 URLs (tracker, auto-match=0, deferred=1)
2026-06-02	19e81df1808a5e95	jobs@mail.xing.com	1 URLs (tracker, auto-match=0, deferred=1)
2026-06-02	19e81df0d018427b	jobs@mail.xing.com	1 URLs (tracker, auto-match=0, deferred=1)
2026-06-02	19e81df0b2713098	jobs@mail.xing.com	1 URLs (tracker, auto-match=0, deferred=1)
2026-06-02	19e81de71dd65af9	jobs@mail.xing.com	1 URLs (tracker, auto-match=0, deferred=1)
2026-06-02	19e81de2e96ca33d	jobs@mail.xing.com	1 URLs (tracker, auto-match=0, deferred=1)
2026-06-03	19e8b86bb992c0ad	notifications@nofluffjobs.com	2 URLs (base64, auto-match=0, deferred=2)
2026-06-03	19e8b86bb30bd5cf	notifications@nofluffjobs.com	1 URLs (base64, auto-match=1, deferred=0)
2026-06-03	19e8b86ba7f380e5	notifications@nofluffjobs.com	2 URLs (base64, auto-match=2, deferred=0)
2026-06-03	19e8b1a735973841	app@germantechjobs.de	1 URLs (direct, auto-match=1, deferred=0)
2026-06-03	19e891f18eae6e3a	jobs@mail.xing.com	20 URLs (tracker, auto-match=4, deferred=16)
2026-06-03	19e88cc951ec5940	no-reply@justjoin.it	1 URLs (direct, auto-match=0, deferred=1)
2026-06-03	19e88913b9aaef23	donotreply@jobalert.indeed.com	1 URLs (direct, auto-match=1, deferred=0)
2026-06-03	19e8853388267262	donotreply@jobalert.indeed.com	1 URLs (direct, auto-match=0, deferred=1)
2026-06-03	19e8846db9c46da1	jobs@mail.xing.com	1 URLs (tracker, auto-match=1, deferred=0)
2026-06-03	19e87e88b6ab8023	donotreply@jobalert.indeed.com	1 URLs (direct, auto-match=1, deferred=0)
2026-06-03	19e8779e22924a54	jobalert@mailing.theprotocol.it	5 URLs (direct, auto-match=5, deferred=0)
2026-06-03	19e8771994fa3714	jobalert@mailing.theprotocol.it	5 URLs (direct, auto-match=5, deferred=0)
2026-06-03	19e8761e7247b1cb	jobalerts-noreply@linkedin.com	6 URLs (direct, auto-match=0, deferred=6)
2026-06-03	19e87614fedbe51b	jobalert@mailing.theprotocol.it	4 URLs (direct, auto-match=3, deferred=1)
2026-06-03	19e875a5ce03aa20	jobalert@mailing.theprotocol.it	6 URLs (direct, auto-match=3, deferred=3)
2026-06-03	19e872b12214c0ca	no-reply@justjoin.it	5 URLs (direct, auto-match=2, deferred=3)
2026-06-03	19e8726d8521e445	no-reply@justjoin.it	7 URLs (direct, auto-match=7, deferred=0)
2026-06-03	19e870eb8b5403c8	jobs@mail.xing.com	2 URLs (tracker, auto-match=1, deferred=1)
2026-06-03	19e870e92e4bf458	jobs@mail.xing.com	1 URLs (tracker, auto-match=0, deferred=1)
2026-06-03	19e870e85bbea076	jobs@mail.xing.com	2 URLs (tracker, auto-match=1, deferred=1)
2026-06-03	19e870a9777f74cc	jobs@mail.xing.com	6 URLs (tracker, auto-match=1, deferred=5)
2026-06-03	19e8708a7001e7e9	jobs@mail.xing.com	3 URLs (tracker, auto-match=0, deferred=3)
2026-06-03	19e87066f1a33b11	jobs@mail.xing.com	6 URLs (tracker, auto-match=1, deferred=5)
2026-06-03	19e87059b3581876	jobs@mail.xing.com	3 URLs (tracker, auto-match=0, deferred=3)
2026-06-03	19e87056682d18c4	jobs@mail.xing.com	2 URLs (tracker, auto-match=0, deferred=2)
2026-06-03	19e8700a76f3d4a4	jobs@mail.xing.com	2 URLs (tracker, auto-match=0, deferred=2)
2026-06-03	19e86fdb6a309e6b	jobs@mail.xing.com	1 URLs (tracker, auto-match=0, deferred=1)
2026-06-09	19eab8cebce645fc	jobalert@mailing.theprotocol.it	9 URLs (direct, auto-match=3, deferred=6)
2026-06-09	19eab6fb425a50d1	jobalerts-noreply@linkedin.com	8 URLs (direct, auto-match=0, deferred=8)
2026-06-09	19eab373bbb76a70	no-reply@justjoin.it	5 URLs (direct, auto-match=2, deferred=3)
2026-06-09	19eab30c58e4246c	no-reply@justjoin.it	5 URLs (direct, auto-match=5, deferred=0)
2026-06-09	19eab3067d603b7e	no-reply@justjoin.it	3 URLs (direct, auto-match=2, deferred=1)
2026-06-09	19eab18fa18ec74a	jobs@mail.xing.com	2 URLs (tracker, auto-match=0, deferred=2)
2026-06-09	19eab1247788e2b7	jobs@mail.xing.com	10 URLs (tracker, auto-match=8, deferred=2)
2026-06-09	19eab11322a3b3d3	jobs@mail.xing.com	7 URLs (tracker, auto-match=5, deferred=2)
2026-06-09	19eab0914fcc3ae0	jobs@mail.xing.com	9 URLs (tracker, auto-match=9, deferred=0)
2026-06-09	19eab06bffc5c5ad	jobs@mail.xing.com	8 URLs (tracker, auto-match=8, deferred=0)
2026-06-09	19eab069acfe409d	jobs@mail.xing.com	2 URLs (tracker, auto-match=2, deferred=0)
2026-06-09	19eab06977fd52cb	jobs@mail.xing.com	8 URLs (tracker, auto-match=8, deferred=0)
2026-06-09	19eab0652de4f9d3	jobs@mail.xing.com	3 URLs (tracker, auto-match=0, deferred=3)
2026-06-09	19eab061b4229cee	jobs@mail.xing.com	10 URLs (tracker, auto-match=10, deferred=0)
2026-06-09	19eab05eb95ba45a	jobs@mail.xing.com	1 URLs (tracker, auto-match=1, deferred=0)
2026-06-09	19eab05c74663316	jobs@mail.xing.com	3 URLs (tracker, auto-match=3, deferred=0)
2026-06-09	19eab0531b54dfa5	jobs@mail.xing.com	10 URLs (tracker, auto-match=10, deferred=0)
2026-06-09	19eaa55b32608e4f	notifications@nofluffjobs.com	3 URLs (base64, auto-match=0, deferred=3)
2026-06-09	19eaa55b30b99045	notifications@nofluffjobs.com	1 URLs (base64, auto-match=1, deferred=0)
2026-06-09	19eaa55b200190ee	notifications@nofluffjobs.com	0 URLs (none extracted)
2026-06-09	19ea9e67f2e42251	donotreply@jobalert.indeed.com	1 URLs (direct, auto-match=0, deferred=1)
2026-06-09	19ea79bf7123df9f	no-reply@justjoin.it	2 URLs (direct, auto-match=2, deferred=0)
2026-06-09	19ea76d5c6266759	donotreply@jobalert.indeed.com	1 URLs (direct, auto-match=1, deferred=0)
2026-06-09	19ea751110b9d4b9	donotreply@jobalert.indeed.com	0 URLs (none extracted)
2026-06-09	19ea711cadf74083	donotreply@jobalert.indeed.com	1 URLs (direct, auto-match=1, deferred=0)
2026-06-09	19ea70e838dde8eb	donotreply@jobalert.indeed.com	0 URLs (none extracted)
2026-06-09	19ea648028219578	jobalerts-noreply@linkedin.com	6 URLs (direct, auto-match=0, deferred=6)
2026-06-09	19ea62c678b3aff8	notifications@nofluffjobs.com	2 URLs (base64, auto-match=0, deferred=2)
2026-06-09	19ea62c66e5f9a17	notifications@nofluffjobs.com	1 URLs (base64, auto-match=1, deferred=0)
2026-06-09	19ea62c66c9fdede	notifications@nofluffjobs.com	1 URLs (base64, auto-match=1, deferred=0)
2026-06-09	19ea6202196b9718	no-reply@justjoin.it	2 URLs (direct, auto-match=2, deferred=0)
2026-06-09	19ea5f87d832410c	jobs@mail.xing.com	3 URLs (tracker, auto-match=1, deferred=2)
2026-06-09	19ea5f85cfa2d448	jobs@mail.xing.com	6 URLs (tracker, auto-match=1, deferred=5)
2026-06-09	19ea5f811147db29	jobs@mail.xing.com	2 URLs (tracker, auto-match=1, deferred=1)
2026-06-09	19ea5f7d1ab399e1	jobs@mail.xing.com	1 URLs (tracker, auto-match=1, deferred=0)
2026-06-09	19ea5f7cc11c0f26	jobs@mail.xing.com	2 URLs (tracker, auto-match=1, deferred=1)
2026-06-09	19ea5ee6df72254b	jobs@mail.xing.com	2 URLs (tracker, auto-match=1, deferred=1)
2026-06-09	19ea5ead24cc05e6	jobs@mail.xing.com	1 URLs (tracker, auto-match=1, deferred=0)
2026-06-09	19ea338f44f60449	donotreply@jobalert.indeed.com	1 URLs (direct, auto-match=0, deferred=1)
2026-06-09	19ea296862d3e11b	donotreply@jobalert.indeed.com	0 URLs (none extracted)
2026-06-09	19ea255074266978	notifications@nofluffjobs.com	4 URLs (base64, auto-match=0, deferred=4)
2026-06-09	19ea25503aef42b7	notifications@nofluffjobs.com	1 URLs (base64, auto-match=1, deferred=0)
2026-06-09	19ea255011f0551e	notifications@nofluffjobs.com	1 URLs (base64, auto-match=1, deferred=0)
2026-06-09	19ea21c6f260b245	donotreply@jobalert.indeed.com	0 URLs (none extracted)
2026-06-09	19ea211ba2d75af4	donotreply@jobalert.indeed.com	3 URLs (direct, auto-match=3, deferred=0)
2026-06-09	19ea2093307a6159	donotreply@jobalert.indeed.com	1 URLs (direct, auto-match=1, deferred=0)
2026-06-09	19ea1de27816a863	donotreply@jobalert.indeed.com	3 URLs (direct, auto-match=0, deferred=3)
2026-06-09	19ea195339935824	donotreply@jobalert.indeed.com	1 URLs (direct, auto-match=0, deferred=1)
2026-06-09	19ea18f83485a89c	jobalerts-noreply@linkedin.com	6 URLs (direct, auto-match=6, deferred=0)
2026-06-09	19ea121b3d093fdb	jobalerts-noreply@linkedin.com	4 URLs (direct, auto-match=0, deferred=4)
2026-06-09	19ea0c35cbbd7691	jobs@mail.xing.com	1 URLs (tracker, auto-match=1, deferred=0)
2026-06-09	19ea0c298edda547	jobs@mail.xing.com	1 URLs (tracker, auto-match=1, deferred=0)
2026-06-09	19ea0c29738d438b	jobs@mail.xing.com	1 URLs (tracker, auto-match=0, deferred=1)
2026-06-09	19ea0c25a7173cda	jobs@mail.xing.com	1 URLs (tracker, auto-match=1, deferred=0)
2026-06-09	19ea0c242b2183ba	jobs@mail.xing.com	1 URLs (tracker, auto-match=1, deferred=0)
2026-06-09	19ea0c2214b4c5aa	jobs@mail.xing.com	1 URLs (tracker, auto-match=1, deferred=0)
2026-06-09	19ea0c1f5c966a6d	jobs@mail.xing.com	1 URLs (tracker, auto-match=1, deferred=0)
2026-06-09	19ea0c1eb0d8d571	jobs@mail.xing.com	1 URLs (tracker, auto-match=1, deferred=0)
2026-06-09	19ea0c1d4b18e5f0	jobs@mail.xing.com	1 URLs (tracker, auto-match=1, deferred=0)
2026-06-09	19e9dc42d1b3e160	donotreply@jobalert.indeed.com	1 URLs (direct, auto-match=0, deferred=1)
2026-06-09	19e9d001b3d993de	donotreply@jobalert.indeed.com	3 URLs (direct, auto-match=3, deferred=0)
2026-06-09	19e9cfd7f5c72651	donotreply@jobalert.indeed.com	4 URLs (direct, auto-match=0, deferred=4)
2026-06-09	19e9cd0b87090c64	donotreply@jobalert.indeed.com	0 URLs (none extracted)
2026-06-09	19e9c97a9fa8f7d5	donotreply@jobalert.indeed.com	1 URLs (direct, auto-match=0, deferred=1)
2026-06-09	19e9c0e6e55cb4aa	jobalert@mailing.theprotocol.it	10 URLs (direct, auto-match=2, deferred=8)
2026-06-09	19e9c0ad136596e7	jobalert@mailing.theprotocol.it	6 URLs (direct, auto-match=4, deferred=2)
2026-06-09	19e9bfd7d11424be	jobalert@mailing.theprotocol.it	6 URLs (direct, auto-match=4, deferred=2)
2026-06-09	19e9bfb4eda74ee9	jobalerts-noreply@linkedin.com	5 URLs (direct, auto-match=0, deferred=5)
2026-06-09	19e9bc2e58954ffd	no-reply@justjoin.it	3 URLs (direct, auto-match=1, deferred=2)
2026-06-09	19e9bbebaf90f81d	no-reply@justjoin.it	5 URLs (direct, auto-match=5, deferred=0)
2026-06-09	19e9b9e694aab43d	jobs@mail.xing.com	1 URLs (tracker, auto-match=1, deferred=0)
2026-06-09	19e9b9e56c353d23	jobs@mail.xing.com	1 URLs (tracker, auto-match=1, deferred=0)
2026-06-09	19e9b9e51782162a	jobs@mail.xing.com	1 URLs (tracker, auto-match=1, deferred=0)
2026-06-09	19e9b9aca1960c9d	jobs@mail.xing.com	6 URLs (tracker, auto-match=2, deferred=4)
2026-06-09	19e9b988b6ac99ec	jobs@mail.xing.com	6 URLs (tracker, auto-match=2, deferred=4)
2026-06-09	19e9b9101576d51e	jobs@mail.xing.com	4 URLs (tracker, auto-match=2, deferred=2)
2026-06-09	19e9b90ca413b011	jobs@mail.xing.com	3 URLs (tracker, auto-match=2, deferred=1)
2026-06-09	19e9b8fc22652e6a	jobs@mail.xing.com	4 URLs (tracker, auto-match=1, deferred=3)
2026-06-09	19e9b8f6a322b32c	jobs@mail.xing.com	2 URLs (tracker, auto-match=1, deferred=1)
2026-06-09	19e9b8eb3df6b91e	jobs@mail.xing.com	6 URLs (tracker, auto-match=0, deferred=6)
2026-06-09	19e9b8e86b2c2316	jobs@mail.xing.com	2 URLs (tracker, auto-match=1, deferred=1)
2026-06-09	19e9b8cc76cdb666	jobs@mail.xing.com	4 URLs (tracker, auto-match=0, deferred=4)
2026-06-09	19e9b07a3d8357b0	notifications@nofluffjobs.com	3 URLs (base64, auto-match=1, deferred=2)
2026-06-09	19e9b06aef4182e9	notifications@nofluffjobs.com	1 URLs (base64, auto-match=1, deferred=0)
2026-06-09	19e9b06ae34c5a60	notifications@nofluffjobs.com	1 URLs (base64, auto-match=1, deferred=0)
2026-06-09	19e98ed7541ddd5f	donotreply@jobalert.indeed.com	1 URLs (direct, auto-match=0, deferred=1)
2026-06-09	19e983f013d86351	no-reply@justjoin.it	1 URLs (direct, auto-match=0, deferred=1)
2026-06-09	19e9830c4b00b73d	jobs@mail.xing.com	16 URLs (tracker, auto-match=1, deferred=15)
2026-06-09	19e981bcb13ec3e6	donotreply@jobalert.indeed.com	0 URLs (none extracted)
2026-06-09	19e976cf4f25cceb	donotreply@jobalert.indeed.com	3 URLs (direct, auto-match=0, deferred=3)
2026-06-09	19e9761d2fa74ee0	donotreply@jobalert.indeed.com	1 URLs (direct, auto-match=0, deferred=1)
2026-06-09	19e96f772b9545a4	jobalert@mailing.theprotocol.it	4 URLs (direct, auto-match=0, deferred=4)
2026-06-09	19e96d508ffcf2fa	jobalerts-noreply@linkedin.com	4 URLs (direct, auto-match=0, deferred=4)
2026-06-09	19e96cf6ef77a2c4	jobalert@mailing.theprotocol.it	4 URLs (direct, auto-match=2, deferred=2)
2026-06-09	19e969904b67f1a6	no-reply@justjoin.it	1 URLs (direct, auto-match=0, deferred=1)
2026-06-09	19e96975a8857160	no-reply@justjoin.it	2 URLs (direct, auto-match=2, deferred=0)
2026-06-09	19e96806a306c9d4	jobs@mail.xing.com	1 URLs (tracker, auto-match=1, deferred=0)
2026-06-09	19e96804daef5e1b	jobs@mail.xing.com	1 URLs (tracker, auto-match=1, deferred=0)
2026-06-09	19e967f8164ca374	jobs@mail.xing.com	2 URLs (tracker, auto-match=2, deferred=0)
2026-06-09	19e967f154cc8aa0	jobs@mail.xing.com	2 URLs (tracker, auto-match=2, deferred=0)
2026-06-09	19e967ed9d73593b	jobs@mail.xing.com	2 URLs (tracker, auto-match=2, deferred=0)
2026-06-09	19e96705e06d4566	jobs@mail.xing.com	1 URLs (tracker, auto-match=0, deferred=1)
2026-06-09	19e966cfedc8ce65	jobs@mail.xing.com	6 URLs (tracker, auto-match=0, deferred=6)
2026-06-09	19e95c8ba824c0b6	notifications@nofluffjobs.com	2 URLs (base64, auto-match=0, deferred=2)
2026-06-09	19e92e8aed27c9ad	donotreply@jobalert.indeed.com	0 URLs (none extracted)
2026-06-09	19e92d77f49ebf2a	donotreply@jobalert.indeed.com	1 URLs (direct, auto-match=1, deferred=0)
2026-06-09	19e9244724c59c8e	donotreply@jobalert.indeed.com	3 URLs (direct, auto-match=0, deferred=3)
2026-06-09	19e91dbdd1744d69	jobalert@mailing.theprotocol.it	7 URLs (direct, auto-match=6, deferred=1)
2026-06-09	19e91cf7ff2f978f	jobalert@mailing.theprotocol.it	9 URLs (direct, auto-match=2, deferred=7)
2026-06-09	19e91c6c69d36243	jobalert@mailing.theprotocol.it	9 URLs (direct, auto-match=3, deferred=6)
2026-06-09	19e91afba2db63da	jobalerts-noreply@linkedin.com	7 URLs (direct, auto-match=0, deferred=7)
2026-06-09	19e91862d63db45f	no-reply@justjoin.it	5 URLs (direct, auto-match=1, deferred=4)
2026-06-09	19e917f21703f0b8	no-reply@justjoin.it	2 URLs (direct, auto-match=2, deferred=0)
2026-06-09	19e91558b5fb9f15	jobs@mail.xing.com	2 URLs (tracker, auto-match=2, deferred=0)
2026-06-09	19e9153a413e88fa	jobs@mail.xing.com	1 URLs (tracker, auto-match=1, deferred=0)
2026-06-09	19e9150391188b3d	jobs@mail.xing.com	3 URLs (tracker, auto-match=3, deferred=0)
2026-06-09	19e914fded3e5be0	jobs@mail.xing.com	2 URLs (tracker, auto-match=2, deferred=0)
2026-06-09	19e914db35cb6c25	jobs@mail.xing.com	2 URLs (tracker, auto-match=2, deferred=0)
2026-06-09	19e914d7d8557d02	jobs@mail.xing.com	3 URLs (tracker, auto-match=1, deferred=2)
2026-06-09	19e914cbe8d2602c	jobs@mail.xing.com	3 URLs (tracker, auto-match=3, deferred=0)
2026-06-09	19e914a2c0271605	jobs@mail.xing.com	6 URLs (tracker, auto-match=2, deferred=4)
2026-06-09	19e9149c58ce85c5	jobs@mail.xing.com	2 URLs (tracker, auto-match=2, deferred=0)
2026-06-09	19e914993767adf6	jobs@mail.xing.com	1 URLs (tracker, auto-match=1, deferred=0)
2026-06-09	19e91491589e7809	jobs@mail.xing.com	2 URLs (tracker, auto-match=2, deferred=0)
2026-06-09	19e90b3522813c78	notifications@nofluffjobs.com	1 URLs (base64, auto-match=1, deferred=0)
2026-06-09	19e90b2ff7cc5b5e	notifications@nofluffjobs.com	0 URLs (none extracted)
2026-06-09	19e90b2fcf7bce01	notifications@nofluffjobs.com	0 URLs (none extracted)
2026-06-09	19e8ded337b648cc	donotreply@jobalert.indeed.com	1 URLs (direct, auto-match=0, deferred=1)
2026-06-09	19e8de9187aeb6b4	donotreply@jobalert.indeed.com	1 URLs (direct, auto-match=1, deferred=0)
2026-06-09	19e8d61e313636f9	donotreply@jobalert.indeed.com	0 URLs (none extracted)
2026-06-09	19e8ca541d683834	jobalert@mailing.theprotocol.it	4 URLs (direct, auto-match=3, deferred=1)
2026-06-09	19e8c98c3eea72ca	jobalert@mailing.theprotocol.it	10 URLs (direct, auto-match=3, deferred=7)
2026-06-09	19e8c944d3e4528a	jobalert@mailing.theprotocol.it	4 URLs (direct, auto-match=4, deferred=0)
2026-06-09	19e8c8f2caa16654	jobalert@mailing.theprotocol.it	6 URLs (direct, auto-match=2, deferred=4)
2026-06-09	19e8c88750037547	jobalerts-noreply@linkedin.com	6 URLs (direct, auto-match=0, deferred=6)
2026-06-09	19e8c5166549f480	no-reply@justjoin.it	1 URLs (direct, auto-match=1, deferred=0)
2026-06-09	19e8c4ca1e4ac495	no-reply@justjoin.it	5 URLs (direct, auto-match=5, deferred=0)
2026-06-09	19e8c4b795f5b710	no-reply@justjoin.it	1 URLs (direct, auto-match=1, deferred=0)
2026-06-09	19e8c3390e935e61	jobs@mail.xing.com	1 URLs (tracker, auto-match=0, deferred=1)
2026-06-09	19e8c2e136569384	jobs@mail.xing.com	7 URLs (tracker, auto-match=2, deferred=5)
2026-06-09	19e8c2b5a135c8a3	jobs@mail.xing.com	3 URLs (tracker, auto-match=2, deferred=1)
2026-06-09	19e8c28b5b8ec9bb	jobs@mail.xing.com	9 URLs (tracker, auto-match=2, deferred=7)
2026-06-09	19e8c288fe506614	jobs@mail.xing.com	2 URLs (tracker, auto-match=1, deferred=1)
2026-06-09	19e8c27d78fe5c17	jobs@mail.xing.com	3 URLs (tracker, auto-match=2, deferred=1)
2026-06-09	19e8c24cd8afabf0	jobs@mail.xing.com	1 URLs (tracker, auto-match=1, deferred=0)
2026-06-09	19e8c20427e4e059	jobs@mail.xing.com	2 URLs (tracker, auto-match=1, deferred=1)
2026-06-09	19e8c202e59432a1	jobs@mail.xing.com	1 URLs (tracker, auto-match=1, deferred=0)
2026-06-09	19e8c202c8359dd3	jobs@mail.xing.com	2 URLs (tracker, auto-match=2, deferred=0)
2026-06-09	19e8b86bb992c0ad	notifications@nofluffjobs.com	2 URLs (base64, auto-match=0, deferred=2)
2026-06-09	19e8b86bb30bd5cf	notifications@nofluffjobs.com	0 URLs (none extracted)
2026-06-09	19e8b86ba7f380e5	notifications@nofluffjobs.com	0 URLs (none extracted)
2026-06-09	19e8b1a735973841	app@germantechjobs.de	0 URLs (none extracted)
2026-06-09	19e891f18eae6e3a	jobs@mail.xing.com	16 URLs (tracker, auto-match=4, deferred=12)
2026-06-09	19e88cc951ec5940	no-reply@justjoin.it	1 URLs (direct, auto-match=0, deferred=1)
2026-06-09	19e88913b9aaef23	donotreply@jobalert.indeed.com	0 URLs (none extracted)
2026-06-09	19e8853388267262	donotreply@jobalert.indeed.com	1 URLs (direct, auto-match=0, deferred=1)
2026-06-09	19e8846db9c46da1	jobs@mail.xing.com	1 URLs (tracker, auto-match=1, deferred=0)
2026-06-09	19e87e88b6ab8023	donotreply@jobalert.indeed.com	1 URLs (direct, auto-match=1, deferred=0)
2026-06-09	19e8761e7247b1cb	jobalerts-noreply@linkedin.com	6 URLs (direct, auto-match=0, deferred=6)
2026-06-10	19eaf7edd4fb4897	notifications@nofluffjobs.com	1 URLs (base64, auto-match=1, deferred=0)
2026-06-10	19eaf7edc5b82a6a	notifications@nofluffjobs.com	6 URLs (base64, auto-match=4, deferred=2)
2026-06-10	19eaf7edb5645c72	notifications@nofluffjobs.com	2 URLs (base64, auto-match=2, deferred=0)
2026-06-10	19eadb3ca819f7ef	donotreply@jobalert.indeed.com	1 URLs (direct, auto-match=0, deferred=1)
2026-06-10	19eaced72f4c265c	donotreply@jobalert.indeed.com	0 URLs (none extracted)
2026-06-10	19eacb4d4b4ca04f	donotreply@jobalert.indeed.com	2 URLs (direct, auto-match=2, deferred=0)
2026-06-10	19eaca7db0f67a5b	jobs@mail.xing.com	16 URLs (tracker, auto-match=2, deferred=14)
2026-06-10	19eac6cb16ad761c	donotreply@jobalert.indeed.com	1 URLs (direct, auto-match=1, deferred=0)
2026-06-10	19eac3997081e3a8	donotreply@jobalert.indeed.com	0 URLs (none extracted)
2026-06-10	19eabe758d475f40	donotreply@jobalert.indeed.com	1 URLs (direct, auto-match=1, deferred=0)
2026-06-10	19eabdc99eb57895	jobalerts-noreply@linkedin.com	4 URLs (direct, auto-match=0, deferred=4)
2026-06-10	19eab8cebce645fc	jobalert@mailing.theprotocol.it	6 URLs (direct, auto-match=0, deferred=6)
2026-06-10	19eab6fb425a50d1	jobalerts-noreply@linkedin.com	8 URLs (direct, auto-match=0, deferred=8)
2026-06-10	19eab373bbb76a70	no-reply@justjoin.it	3 URLs (direct, auto-match=0, deferred=3)
2026-06-10	19eab30c58e4246c	no-reply@justjoin.it	0 URLs (none extracted)
2026-06-10	19eab3067d603b7e	no-reply@justjoin.it	3 URLs (direct, auto-match=2, deferred=1)
2026-06-10	19eab18fa18ec74a	jobs@mail.xing.com	2 URLs (tracker, auto-match=0, deferred=2)
2026-06-10	19eab1247788e2b7	jobs@mail.xing.com	10 URLs (tracker, auto-match=8, deferred=2)
2026-06-10	19eab11322a3b3d3	jobs@mail.xing.com	7 URLs (tracker, auto-match=5, deferred=2)
2026-06-10	19eab0914fcc3ae0	jobs@mail.xing.com	9 URLs (tracker, auto-match=9, deferred=0)
2026-06-10	19eab06bffc5c5ad	jobs@mail.xing.com	8 URLs (tracker, auto-match=8, deferred=0)
2026-06-10	19eab069acfe409d	jobs@mail.xing.com	2 URLs (tracker, auto-match=2, deferred=0)
2026-06-10	19eab06977fd52cb	jobs@mail.xing.com	8 URLs (tracker, auto-match=8, deferred=0)
2026-06-10	19eab0652de4f9d3	jobs@mail.xing.com	3 URLs (tracker, auto-match=0, deferred=3)
2026-06-10	19eab061b4229cee	jobs@mail.xing.com	10 URLs (tracker, auto-match=10, deferred=0)
2026-06-10	19eab05eb95ba45a	jobs@mail.xing.com	1 URLs (tracker, auto-match=1, deferred=0)
2026-06-10	19eab05c74663316	jobs@mail.xing.com	3 URLs (tracker, auto-match=3, deferred=0)
2026-06-10	19eab0531b54dfa5	jobs@mail.xing.com	10 URLs (tracker, auto-match=10, deferred=0)
2026-06-11	19eb4a1f7cfccb69	notifications@nofluffjobs.com	0 URLs (none extracted)
2026-06-11	19eb4a1f71f5c494	notifications@nofluffjobs.com	4 URLs (base64, auto-match=1, deferred=3)
2026-06-11	19eb2bbe3c0d3a06	donotreply@jobalert.indeed.com	1 URLs (direct, auto-match=0, deferred=1)
2026-06-11	19eb1d7a5a53d6af	donotreply@jobalert.indeed.com	0 URLs (none extracted)
2026-06-11	19eb18b9949a6e28	donotreply@jobalert.indeed.com	2 URLs (direct, auto-match=2, deferred=0)
2026-06-11	19eb186fb1fb01c9	donotreply@jobalert.indeed.com	0 URLs (none extracted)
2026-06-11	19eb181d942ad5e8	donotreply@jobalert.indeed.com	1 URLs (direct, auto-match=0, deferred=1)
2026-06-11	19eb17cb7e1d461b	donotreply@jobalert.indeed.com	1 URLs (direct, auto-match=1, deferred=0)
2026-06-11	19eb12c820b490f1	donotreply@jobalert.indeed.com	1 URLs (direct, auto-match=1, deferred=0)
2026-06-11	19eb11bee6b8bb4c	donotreply@jobalert.indeed.com	1 URLs (direct, auto-match=0, deferred=1)
2026-06-11	19eb119edebe4d62	donotreply@jobalert.indeed.com	2 URLs (direct, auto-match=2, deferred=0)
2026-06-11	19eb0b6ecf75a9b1	jobalert@mailing.theprotocol.it	4 URLs (direct, auto-match=3, deferred=1)
2026-06-11	19eb0a1db38fb948	jobalert@mailing.theprotocol.it	8 URLs (direct, auto-match=1, deferred=7)
2026-06-11	19eb094feb082972	jobalerts-noreply@linkedin.com	4 URLs (direct, auto-match=0, deferred=4)
2026-06-11	19eb094351387dd0	jobalert@mailing.theprotocol.it	5 URLs (direct, auto-match=3, deferred=2)
2026-06-11	19eb05f516fc6c1e	no-reply@justjoin.it	1 URLs (direct, auto-match=1, deferred=0)
2026-06-11	19eb05a009fdd363	no-reply@justjoin.it	5 URLs (direct, auto-match=5, deferred=0)
2026-06-11	19eb03cc3bc56d3b	jobs@mail.xing.com	8 URLs (tracker, auto-match=7, deferred=1)
2026-06-11	19eb035b6c4f6a4f	jobs@mail.xing.com	5 URLs (tracker, auto-match=5, deferred=0)
2026-06-11	19eb0345b37b1181	jobs@mail.xing.com	4 URLs (tracker, auto-match=4, deferred=0)
2026-06-11	19eb03444490059c	jobs@mail.xing.com	1 URLs (tracker, auto-match=1, deferred=0)
2026-06-11	19eb0343c8a3df97	jobs@mail.xing.com	8 URLs (tracker, auto-match=7, deferred=1)
2026-06-11	19eb0311dffab76d	jobs@mail.xing.com	2 URLs (tracker, auto-match=0, deferred=2)
2026-06-11	19eb030e26afcb6d	jobs@mail.xing.com	1 URLs (tracker, auto-match=1, deferred=0)
2026-06-11	19eb02ce40b25574	jobs@mail.xing.com	1 URLs (tracker, auto-match=1, deferred=0)
2026-06-11	19eb02b7b1e70400	jobs@mail.xing.com	3 URLs (tracker, auto-match=3, deferred=0)
2026-06-11	19eb02b7090c83a6	jobs@mail.xing.com	1 URLs (tracker, auto-match=1, deferred=0)
2026-06-11	19eb02900640ec37	jobs@mail.xing.com	3 URLs (tracker, auto-match=0, deferred=3)
2026-06-12	19ebaa8133ca73ad	no-reply@justjoin.it	8 URLs (direct, auto-match=8, deferred=0)
2026-06-12	19ebaa6c38971301	no-reply@justjoin.it	10 URLs (direct, auto-match=9, deferred=1)
2026-06-12	19eba88653d24e06	jobs@mail.xing.com	3 URLs (tracker, auto-match=0, deferred=3)
2026-06-12	19eba8566cb747d3	jobs@mail.xing.com	2 URLs (tracker, auto-match=1, deferred=1)
2026-06-12	19eba7c1b6e876b2	jobs@mail.xing.com	2 URLs (tracker, auto-match=1, deferred=1)
2026-06-12	19eba79aa9529ca4	jobs@mail.xing.com	1 URLs (tracker, auto-match=0, deferred=1)
2026-06-12	19eba7878aed55ba	jobs@mail.xing.com	1 URLs (tracker, auto-match=0, deferred=1)
2026-06-12	19eba7876749713a	jobs@mail.xing.com	3 URLs (tracker, auto-match=1, deferred=2)
2026-06-12	19eba187de408768	app@germantechjobs.de	2 URLs (direct, auto-match=0, deferred=2)
2026-06-12	19eb9fcc3fa81a76	jobalert@metajob.at	0 URLs (all 2 trackers unresolved)
2026-06-12	19eb9c814344cef2	notifications@nofluffjobs.com	0 URLs (none extracted)
2026-06-12	19eb9c813680cc1a	notifications@nofluffjobs.com	9 URLs (base64, auto-match=0, deferred=9)
2026-06-12	19eb82b4b5ac2874	donotreply@jobalert.indeed.com	1 URLs (direct, auto-match=0, deferred=1)
2026-06-12	19eb73488c930c4a	jobs@mail.xing.com	7 URLs (tracker, auto-match=1, deferred=6)
2026-06-12	19eb734209efbdbc	jobs@mail.xing.com	7 URLs (tracker, auto-match=2, deferred=5)
2026-06-12	19eb7259698252d0	no-reply@justjoin.it	1 URLs (direct, auto-match=1, deferred=0)
2026-06-12	19eb6f9cbe88fc11	donotreply@jobalert.indeed.com	2 URLs (direct, auto-match=0, deferred=2)
2026-06-12	19eb6cf3fa6e1ad5	donotreply@jobalert.indeed.com	1 URLs (direct, auto-match=0, deferred=1)
2026-06-12	19eb6be1735c5237	donotreply@jobalert.indeed.com	2 URLs (direct, auto-match=0, deferred=2)
2026-06-12	19eb692de35d2c88	donotreply@jobalert.indeed.com	1 URLs (direct, auto-match=0, deferred=1)
2026-06-12	19eb682f37dda6a2	donotreply@jobalert.indeed.com	0 URLs (none extracted)
2026-06-12	19eb657268e52f07	donotreply@jobalert.indeed.com	0 URLs (none extracted)
2026-06-12	19eb64e1aac14fd3	donotreply@jobalert.indeed.com	1 URLs (direct, auto-match=0, deferred=1)
2026-06-12	19eb626abd933a3d	donotreply@jobalert.indeed.com	0 URLs (none extracted)
2026-06-12	19eb6267e2cc79d4	donotreply@jobalert.indeed.com	0 URLs (none extracted)
2026-06-12	19eb62611d7681fb	donotreply@jobalert.indeed.com	0 URLs (none extracted)
2026-06-12	19eb620ed754e594	donotreply@jobalert.indeed.com	0 URLs (none extracted)
2026-06-12	19eb620cdccc8eff	donotreply@jobalert.indeed.com	0 URLs (none extracted)
2026-06-12	19eb620878164a3d	donotreply@jobalert.indeed.com	0 URLs (none extracted)
2026-06-12	19eb6205b7a80357	donotreply@jobalert.indeed.com	0 URLs (none extracted)
2026-06-12	19eb6202b49f5b37	donotreply@jobalert.indeed.com	0 URLs (none extracted)
2026-06-12	19eb61edc8d254c1	donotreply@jobalert.indeed.com	0 URLs (none extracted)
2026-06-12	19eb61e43ae17ea4	donotreply@jobalert.indeed.com	0 URLs (none extracted)
2026-06-12	19eb61da5d703dd6	donotreply@jobalert.indeed.com	0 URLs (none extracted)
2026-06-12	19eb61c10b3ca7bf	donotreply@jobalert.indeed.com	0 URLs (none extracted)
2026-06-12	19eb61ae0c172102	donotreply@jobalert.indeed.com	0 URLs (none extracted)
2026-06-12	19eb61a7ed2eabbc	donotreply@jobalert.indeed.com	0 URLs (none extracted)
2026-06-12	19eb61a531dc75e6	donotreply@jobalert.indeed.com	0 URLs (none extracted)
2026-06-12	19eb619c81fb2c6c	donotreply@jobalert.indeed.com	0 URLs (none extracted)
2026-06-12	19eb6184cc643812	donotreply@jobalert.indeed.com	0 URLs (none extracted)
2026-06-12	19eb6169728f45f1	donotreply@jobalert.indeed.com	0 URLs (none extracted)
2026-06-12	19eb614fb4b956bd	donotreply@jobalert.indeed.com	0 URLs (none extracted)
2026-06-12	19eb614317fe9659	donotreply@jobalert.indeed.com	0 URLs (none extracted)
2026-06-12	19eb613dfa358748	donotreply@jobalert.indeed.com	0 URLs (none extracted)
2026-06-12	19eb613a640e79f3	donotreply@jobalert.indeed.com	0 URLs (none extracted)
2026-06-12	19eb5ced3ec0abc7	jobalert@mailing.theprotocol.it	8 URLs (direct, auto-match=6, deferred=2)
2026-06-12	19eb5bb61b76150d	jobalerts-noreply@linkedin.com	6 URLs (direct, auto-match=0, deferred=6)
2026-06-12	19eb594242bf9137	no-reply@justjoin.it	8 URLs (direct, auto-match=3, deferred=5)
2026-06-13	19ec007d40ffc6ff	jobalerts-noreply@linkedin.com	2 URLs (direct, auto-match=0, deferred=2)
2026-06-13	19ebfcee7bb66ae9	no-reply@justjoin.it	10 URLs (direct, auto-match=7, deferred=3)
2026-06-13	19ebfcd5b9dd6f0d	no-reply@justjoin.it	9 URLs (direct, auto-match=0, deferred=9)
2026-06-13	19ebfad1bd2e82b1	jobs@mail.xing.com	1 URLs (tracker, auto-match=0, deferred=1)
2026-06-13	19ebfacbaf2f8af0	jobs@mail.xing.com	2 URLs (tracker, auto-match=1, deferred=1)
2026-06-13	19ebfa82a87ad2d6	jobs@mail.xing.com	10 URLs (tracker, auto-match=8, deferred=2)
2026-06-13	19ebfa42f41ba82b	jobs@mail.xing.com	10 URLs (tracker, auto-match=8, deferred=2)
2026-06-13	19ebf9e4a4cbfb59	jobs@mail.xing.com	10 URLs (tracker, auto-match=10, deferred=0)
2026-06-13	19ebf99a45ae9040	jobs@mail.xing.com	9 URLs (tracker, auto-match=9, deferred=0)
2026-06-13	19ebf99980ed1b16	jobs@mail.xing.com	10 URLs (tracker, auto-match=10, deferred=0)
2026-06-13	19ebf9917d390ce9	jobs@mail.xing.com	9 URLs (tracker, auto-match=9, deferred=0)
2026-06-13	19ebf985653d5988	jobs@mail.xing.com	10 URLs (tracker, auto-match=10, deferred=0)
2026-06-13	19ebf231353e7e29	jobalert@metajob.at	0 URLs (all 2 trackers unresolved)
2026-06-13	19ebef6c7a9f758a	notifications@nofluffjobs.com	7 URLs (base64, auto-match=7, deferred=0)
2026-06-13	19ebd3c9fe13b6db	donotreply@jobalert.indeed.com	1 URLs (direct, auto-match=0, deferred=1)
2026-06-13	19ebced0ea099d60	donotreply@jobalert.indeed.com	1 URLs (direct, auto-match=0, deferred=1)
2026-06-13	19ebc99f49c76e18	donotreply@jobalert.indeed.com	0 URLs (none extracted)
2026-06-13	19ebc79ade0d5233	donotreply@jobalert.indeed.com	2 URLs (direct, auto-match=0, deferred=2)
2026-06-13	19ebc78c9f5bebad	donotreply@jobalert.indeed.com	2 URLs (direct, auto-match=0, deferred=2)
2026-06-13	19ebc67d25e465c8	donotreply@jobalert.indeed.com	9 URLs (direct, auto-match=9, deferred=0)
2026-06-13	19ebc629eab918e1	donotreply@jobalert.indeed.com	2 URLs (direct, auto-match=0, deferred=2)
2026-06-13	19ebc4d2b4ee040a	donotreply@jobalert.indeed.com	9 URLs (direct, auto-match=9, deferred=0)
2026-06-13	19ebc4cfbd048edf	donotreply@jobalert.indeed.com	16 URLs (direct, auto-match=16, deferred=0)
2026-06-13	19ebc4856c937723	donotreply@jobalert.indeed.com	10 URLs (direct, auto-match=0, deferred=10)
2026-06-13	19ebc3513ee364dd	donotreply@jobalert.indeed.com	18 URLs (direct, auto-match=18, deferred=0)
2026-06-13	19ebc26fe85adc93	donotreply@jobalert.indeed.com	11 URLs (direct, auto-match=11, deferred=0)
2026-06-13	19ebc15a9eb165f4	donotreply@jobalert.indeed.com	0 URLs (none extracted)
2026-06-13	19ebc074005308f5	jobs@mail.xing.com	16 URLs (tracker, auto-match=1, deferred=15)
2026-06-13	19ebc014c3daecfb	donotreply@jobalert.indeed.com	1 URLs (direct, auto-match=1, deferred=0)
2026-06-13	19ebbfd5efa0a1f9	donotreply@jobalert.indeed.com	1 URLs (direct, auto-match=0, deferred=1)
2026-06-13	19ebbf8d72ea38d5	donotreply@jobalert.indeed.com	6 URLs (direct, auto-match=6, deferred=0)
2026-06-13	19ebbf4fdf67c05c	donotreply@jobalert.indeed.com	11 URLs (direct, auto-match=0, deferred=11)
2026-06-13	19ebbf1aa132476e	donotreply@jobalert.indeed.com	3 URLs (direct, auto-match=0, deferred=3)
2026-06-13	19ebbdf98e051149	donotreply@jobalert.indeed.com	1 URLs (direct, auto-match=0, deferred=1)
2026-06-13	19ebbd5c20a8881b	jobs@mail.xing.com	2 URLs (tracker, auto-match=2, deferred=0)
2026-06-13	19ebbc2cec29eb6c	donotreply@jobalert.indeed.com	9 URLs (direct, auto-match=9, deferred=0)
2026-06-13	19ebae1b66e6ddd4	jobalerts-noreply@linkedin.com	4 URLs (direct, auto-match=0, deferred=4)
2026-06-13	19ebbaafa012ee04	donotreply@jobalert.indeed.com	0 URLs (none extracted)
2026-06-13	19ebb9221d360d1a	donotreply@jobalert.indeed.com	1 URLs (direct, auto-match=1, deferred=0)
2026-06-13	19ebb8f763a5508f	donotreply@jobalert.indeed.com	1 URLs (direct, auto-match=0, deferred=1)
2026-06-13	19ebb830f9cef838	donotreply@jobalert.indeed.com	1 URLs (direct, auto-match=0, deferred=1)
2026-06-13	19ebb4f59f8d7acb	jobalerts-noreply@linkedin.com	6 URLs (direct, auto-match=6, deferred=0)
2026-06-13	19ebb01d9c36f291	jobalert@mailing.theprotocol.it	6 URLs (direct, auto-match=5, deferred=1)
2026-06-13	19ebb0199accf119	jobalert@mailing.theprotocol.it	6 URLs (direct, auto-match=5, deferred=1)
2026-06-14	19ec52e2fa8fa80d	jobalerts-noreply@linkedin.com	6 URLs (direct, auto-match=6, deferred=0)
2026-06-14	19ec4f0ca3a6b8d9	no-reply@justjoin.it	5 URLs (direct, auto-match=5, deferred=0)
2026-06-14	19ec4f00bead6896	no-reply@justjoin.it	7 URLs (direct, auto-match=2, deferred=5)
2026-06-14	19ec4cebb6d7f546	jobs@mail.xing.com	1 URLs (tracker, auto-match=1, deferred=0)
2026-06-14	19ec4c44e30e42a6	jobs@mail.xing.com	1 URLs (tracker, auto-match=0, deferred=1)
2026-06-14	19ec4c2b5a6d84e9	jobs@mail.xing.com	1 URLs (tracker, auto-match=1, deferred=0)
2026-06-14	19ec4c1353b51e93	jobs@mail.xing.com	1 URLs (tracker, auto-match=0, deferred=1)
2026-06-14	19ec4c0c8bd2055f	jobs@mail.xing.com	1 URLs (tracker, auto-match=1, deferred=0)
2026-06-14	19ec4c0b4667d9b8	jobs@mail.xing.com	2 URLs (tracker, auto-match=1, deferred=1)
2026-06-14	19ec4496b45adbfa	jobalert@metajob.at	0 URLs (all 2 trackers unresolved)
2026-06-14	19ec1e83ea8c7cae	donotreply@jobalert.indeed.com	2 URLs (direct, auto-match=0, deferred=2)
2026-06-14	19ec1749c7e98e50	donotreply@jobalert.indeed.com	0 URLs (none extracted)
2026-06-14	19ec164c8baabba8	donotreply@jobalert.indeed.com	0 URLs (none extracted)
2026-06-14	19ec15db907fbd16	donotreply@jobalert.indeed.com	6 URLs (direct, auto-match=0, deferred=6)
2026-06-14	19ec157b27c51dcb	donotreply@jobalert.indeed.com	7 URLs (direct, auto-match=0, deferred=7)
2026-06-14	19ec152a1b331cac	donotreply@jobalert.indeed.com	2 URLs (direct, auto-match=0, deferred=2)
2026-06-14	19ec007d40ffc6ff	jobalerts-noreply@linkedin.com	2 URLs (direct, auto-match=0, deferred=2)
2026-06-14	19ec14b86fd5237e	donotreply@jobalert.indeed.com	18 URLs (direct, auto-match=18, deferred=0)
2026-06-14	19ec143d5fcfb224	donotreply@jobalert.indeed.com	0 URLs (none extracted)
2026-06-14	19ec13d8b6cd69d1	donotreply@jobalert.indeed.com	0 URLs (none extracted)
2026-06-14	19ec13ca12a64fb8	donotreply@jobalert.indeed.com	0 URLs (none extracted)
2026-06-14	19ec1385cf3b233e	donotreply@jobalert.indeed.com	1 URLs (direct, auto-match=0, deferred=1)
2026-06-14	19ec13371c9501b1	donotreply@jobalert.indeed.com	8 URLs (direct, auto-match=0, deferred=8)
2026-06-14	19ec13237eb31d1f	donotreply@jobalert.indeed.com	1 URLs (direct, auto-match=0, deferred=1)
2026-06-14	19ec120fb2c62db1	donotreply@jobalert.indeed.com	1 URLs (direct, auto-match=0, deferred=1)
2026-06-14	19ec10139c377d6e	donotreply@jobalert.indeed.com	6 URLs (direct, auto-match=0, deferred=6)
2026-06-14	19ec0d3e027577c0	donotreply@jobalert.indeed.com	10 URLs (direct, auto-match=0, deferred=10)
2026-06-14	19ec0d3db2186436	donotreply@jobalert.indeed.com	4 URLs (direct, auto-match=4, deferred=0)
2026-06-14	19ec087cc7ab0829	donotreply@jobalert.indeed.com	7 URLs (direct, auto-match=0, deferred=7)
2026-06-14	19ec081f97e927c5	donotreply@jobalert.indeed.com	0 URLs (none extracted)
2026-06-14	19ec075b4c1483ca	jobalerts-noreply@linkedin.com	6 URLs (direct, auto-match=6, deferred=0)
2026-06-14	19ec02216324b707	jobalert@mailing.theprotocol.it	6 URLs (direct, auto-match=0, deferred=6)
2026-06-14	19ec01d66869e510	jobalert@mailing.theprotocol.it	6 URLs (direct, auto-match=0, deferred=6)
2026-06-15	19eca548fd44e550	jobalerts-noreply@linkedin.com	6 URLs (direct, auto-match=6, deferred=0)
2026-06-15	19eca37e5ec75af3	notifications@nofluffjobs.com	9 URLs (base64, auto-match=9, deferred=0)
2026-06-15	19eca37e4d56d4db	notifications@nofluffjobs.com	2 URLs (base64, auto-match=0, deferred=2)
2026-06-15	19eca37e41f906a3	notifications@nofluffjobs.com	6 URLs (base64, auto-match=0, deferred=6)
2026-06-15	19eca2c2590733ff	no-reply@justjoin.it	9 URLs (direct, auto-match=8, deferred=1)
2026-06-15	19eca2414a5727c5	no-reply@justjoin.it	6 URLs (direct, auto-match=0, deferred=6)
2026-06-15	19eca06a853d933e	jobs@mail.xing.com	5 URLs (tracker, auto-match=1, deferred=4)
2026-06-15	19eca04c742076c5	jobs@mail.xing.com	2 URLs (tracker, auto-match=1, deferred=1)
2026-06-15	19ec9b2ac6cc6749	notifications@app.instaffo.com	5 URLs (plaintext, auto-match=5, deferred=0)
2026-06-15	19ec6d91778059f0	donotreply@jobalert.indeed.com	8 URLs (direct, auto-match=0, deferred=8)
2026-06-15	19ec6d6f69f71643	donotreply@jobalert.indeed.com	1 URLs (direct, auto-match=1, deferred=0)
2026-06-15	19ec6a4b31a4d64f	donotreply@jobalert.indeed.com	2 URLs (direct, auto-match=0, deferred=2)
2026-06-15	19ec699e54d71cf5	donotreply@jobalert.indeed.com	5 URLs (direct, auto-match=0, deferred=5)
2026-06-15	19ec68f83e680895	donotreply@jobalert.indeed.com	9 URLs (direct, auto-match=9, deferred=0)
2026-06-15	19ec68105422a934	no-reply@justjoin.it	0 URLs (none extracted)
2026-06-15	19ec676654b018ed	donotreply@jobalert.indeed.com	7 URLs (direct, auto-match=0, deferred=7)
2026-06-15	19ec66bc0fa4897d	donotreply@jobalert.indeed.com	17 URLs (direct, auto-match=0, deferred=17)
2026-06-15	19ec65aeca15755c	notifications@nofluffjobs.com	10 URLs (base64, auto-match=3, deferred=7)
2026-06-15	19ec65ae612df1e8	notifications@nofluffjobs.com	9 URLs (base64, auto-match=9, deferred=0)
2026-06-15	19ec65ae5a88c489	notifications@nofluffjobs.com	2 URLs (base64, auto-match=0, deferred=2)
2026-06-15	19ec6578aa432457	donotreply@jobalert.indeed.com	6 URLs (direct, auto-match=6, deferred=0)
2026-06-15	19ec65214d766af8	donotreply@jobalert.indeed.com	0 URLs (none extracted)
2026-06-15	19ec63e91f90dd56	donotreply@jobalert.indeed.com	0 URLs (none extracted)
2026-06-15	19ec5f90559846ac	donotreply@jobalert.indeed.com	10 URLs (direct, auto-match=10, deferred=0)
2026-06-15	19ec5e36e74cb9c6	donotreply@jobalert.indeed.com	3 URLs (direct, auto-match=3, deferred=0)
2026-06-17	19ed4a1488d6fc49	jobalerts-noreply@linkedin.com	4 URLs (direct, auto-match=0, deferred=4)
2026-06-17	19ed465fc9863ad8	no-reply@justjoin.it	5 URLs (direct, auto-match=5, deferred=0)
2026-06-17	19ed461d838ff997	app@germantechjobs.de	1 URLs (direct, auto-match=0, deferred=1)
2026-06-17	19ed440c50dc5e9e	jobs@mail.xing.com	1 URLs (tracker, auto-match=0, deferred=1)
2026-06-17	19ed434e76fbb771	jobs@mail.xing.com	2 URLs (tracker, auto-match=0, deferred=2)
2026-06-17	19ed433477f5dc3e	jobs@mail.xing.com	3 URLs (tracker, auto-match=1, deferred=2)
2026-06-17	19ed43321ac4235a	jobs@mail.xing.com	4 URLs (tracker, auto-match=1, deferred=3)
2026-06-17	19ed3bc7c99f5e06	jobalert@metajob.at	0 URLs (all 2 trackers unresolved)
2026-06-17	19ed39341b049447	notifications@nofluffjobs.com	9 URLs (base64, auto-match=1, deferred=8)
2026-06-17	19ed39340ae5170d	notifications@nofluffjobs.com	2 URLs (base64, auto-match=0, deferred=2)
2026-06-17	19ed39340364d2c2	notifications@nofluffjobs.com	2 URLs (base64, auto-match=2, deferred=0)
2026-06-17	19ed156d70b3a741	donotreply@jobalert.indeed.com	1 URLs (direct, auto-match=1, deferred=0)
2026-06-17	19ed12b98ecd1496	donotreply@jobalert.indeed.com	1 URLs (direct, auto-match=0, deferred=1)
2026-06-17	19ed11e2639a6106	donotreply@jobalert.indeed.com	10 URLs (direct, auto-match=0, deferred=10)
2026-06-17	19ed10e5aeb4553f	donotreply@jobalert.indeed.com	6 URLs (direct, auto-match=6, deferred=0)
2026-06-17	19ed10b677e34b01	donotreply@jobalert.indeed.com	1 URLs (direct, auto-match=0, deferred=1)
2026-06-17	19ed0f266eeec7bd	donotreply@jobalert.indeed.com	10 URLs (direct, auto-match=0, deferred=10)
2026-06-17	19ed0eabba3e37f4	donotreply@jobalert.indeed.com	11 URLs (direct, auto-match=0, deferred=11)
2026-06-17	19ed0e38ba77bfdb	donotreply@jobalert.indeed.com	13 URLs (direct, auto-match=0, deferred=13)
2026-06-17	19ed0d1e2c63bcc8	jobs@mail.xing.com	16 URLs (tracker, auto-match=2, deferred=14)
2026-06-17	19ed0d11a86b76d1	donotreply@jobalert.indeed.com	19 URLs (direct, auto-match=19, deferred=0)
2026-06-17	19ed0cd920eefe44	donotreply@jobalert.indeed.com	0 URLs (none extracted)
2026-06-17	19ed0b1441ee67c3	donotreply@jobalert.indeed.com	3 URLs (direct, auto-match=0, deferred=3)
2026-06-17	19ed09eb55849555	donotreply@jobalert.indeed.com	8 URLs (direct, auto-match=0, deferred=8)
2026-06-17	19ed09152e55ef77	donotreply@jobalert.indeed.com	7 URLs (direct, auto-match=0, deferred=7)
2026-06-17	19ed089452dfffd9	donotreply@jobalert.indeed.com	1 URLs (direct, auto-match=0, deferred=1)
2026-06-17	19ed056ab3b76592	jobalerts-noreply@linkedin.com	9 URLs (direct, auto-match=0, deferred=9)
2026-06-17	19ed04ca9473ddc2	donotreply@jobalert.indeed.com	4 URLs (direct, auto-match=0, deferred=4)
2026-06-17	19ed03ef105a0fb7	donotreply@jobalert.indeed.com	6 URLs (direct, auto-match=6, deferred=0)
2026-06-17	19ed02d7a2371ef8	donotreply@jobalert.indeed.com	11 URLs (direct, auto-match=11, deferred=0)
2026-06-17	19ed0164a6bf1fdc	donotreply@jobalert.indeed.com	2 URLs (direct, auto-match=2, deferred=0)
2026-06-17	19ecfefe62ef216e	no-reply@justjoin.it	2 URLs (direct, auto-match=2, deferred=0)
2026-06-17	19ecfe3e39325cf7	notifications@nofluffjobs.com	7 URLs (base64, auto-match=5, deferred=2)
2026-06-17	19ecf740b2bb5630	jobalert@mailing.theprotocol.it	6 URLs (direct, auto-match=1, deferred=5)
2026-06-17	19ecf7255b27e09b	jobalert@mailing.theprotocol.it	6 URLs (direct, auto-match=1, deferred=5)
2026-06-17	19ecf41676f33498	no-reply@justjoin.it	9 URLs (direct, auto-match=7, deferred=2)
2026-06-17	19ecf3f59faab893	no-reply@justjoin.it	10 URLs (direct, auto-match=0, deferred=10)
2026-06-17	19ecf3bb0c8bd6ac	no-reply@justjoin.it	1 URLs (direct, auto-match=0, deferred=1)
2026-06-17	19ecf19ada5eab71	jobs@mail.xing.com	1 URLs (tracker, auto-match=0, deferred=1)
2026-06-17	19ecf199a37ac15b	jobs@mail.xing.com	1 URLs (tracker, auto-match=0, deferred=1)
2026-06-17	19ecf199316a6faa	jobs@mail.xing.com	1 URLs (tracker, auto-match=0, deferred=1)
2026-06-17	19ecf189adbb4ce7	jobs@mail.xing.com	6 URLs (tracker, auto-match=2, deferred=4)
2026-06-17	19ecf13b590be567	jobs@mail.xing.com	4 URLs (tracker, auto-match=1, deferred=3)
2026-06-17	19ecf0ef941b3ecc	jobs@mail.xing.com	2 URLs (tracker, auto-match=1, deferred=1)
2026-06-17	19ecf0ea3cfe3f0c	jobs@mail.xing.com	2 URLs (tracker, auto-match=1, deferred=1)
2026-06-17	19ecf0d29374444f	jobs@mail.xing.com	4 URLs (tracker, auto-match=2, deferred=2)
2026-06-17	19ecf0d0f10a1a35	jobs@mail.xing.com	4 URLs (tracker, auto-match=2, deferred=2)
2026-06-17	19ecf0a90d991463	jobs@mail.xing.com	2 URLs (tracker, auto-match=1, deferred=1)
2026-06-17	19ece96201c96467	jobalert@metajob.at	0 URLs (all 2 trackers unresolved)
2026-06-17	19ece83a7cfffc39	notifications@nofluffjobs.com	1 URLs (base64, auto-match=1, deferred=0)
2026-06-17	19ece83a7b0b3423	notifications@nofluffjobs.com	6 URLs (base64, auto-match=0, deferred=6)
2026-06-17	19ece83a626d36bb	notifications@nofluffjobs.com	1 URLs (base64, auto-match=0, deferred=1)
2026-06-17	19ecc0ab10084f7e	donotreply@jobalert.indeed.com	16 URLs (direct, auto-match=0, deferred=16)
2026-06-17	19ecbf501026b182	donotreply@jobalert.indeed.com	10 URLs (direct, auto-match=0, deferred=10)
2026-06-17	19ecbda9898a3c8e	donotreply@jobalert.indeed.com	1 URLs (direct, auto-match=1, deferred=0)
2026-06-17	19ecbd30d3bde2cd	donotreply@jobalert.indeed.com	1 URLs (direct, auto-match=1, deferred=0)
2026-06-17	19ecbbd5959bfe84	donotreply@jobalert.indeed.com	1 URLs (direct, auto-match=1, deferred=0)
2026-06-17	19ecb9c1630cfae2	donotreply@jobalert.indeed.com	17 URLs (direct, auto-match=0, deferred=17)
2026-06-17	19ecb8d79178bd9a	donotreply@jobalert.indeed.com	4 URLs (direct, auto-match=0, deferred=4)
2026-06-17	19ecb7c15886b879	donotreply@jobalert.indeed.com	5 URLs (direct, auto-match=5, deferred=0)
2026-06-17	19ecb754b2354e11	donotreply@jobalert.indeed.com	12 URLs (direct, auto-match=12, deferred=0)
2026-06-17	19ecb5929ab2b382	donotreply@jobalert.indeed.com	2 URLs (direct, auto-match=2, deferred=0)
2026-06-17	19ecb581ad682126	donotreply@jobalert.indeed.com	8 URLs (direct, auto-match=0, deferred=8)
2026-06-17	19ecb57b119a2c0b	donotreply@jobalert.indeed.com	5 URLs (direct, auto-match=5, deferred=0)
2026-06-17	19ecb5319972e61c	donotreply@jobalert.indeed.com	2 URLs (direct, auto-match=2, deferred=0)
2026-06-17	19ecb3c672b8d79f	donotreply@jobalert.indeed.com	0 URLs (none extracted)
2026-06-17	19ecb2fc6a3c774f	donotreply@jobalert.indeed.com	7 URLs (direct, auto-match=7, deferred=0)
2026-06-17	19ecade04c17f706	donotreply@jobalert.indeed.com	2 URLs (direct, auto-match=2, deferred=0)
2026-06-18	19ed9c7a796996f7	jobalerts-noreply@linkedin.com	3 URLs (direct, auto-match=0, deferred=3)
2026-06-18	19ed99c8d77c1afb	no-reply@justjoin.it	1 URLs (direct, auto-match=1, deferred=0)
2026-06-18	19ed9965d276bc7c	no-reply@justjoin.it	4 URLs (direct, auto-match=0, deferred=4)
2026-06-18	19ed9675d3e881b9	jobs@mail.xing.com	1 URLs (tracker, auto-match=1, deferred=0)
2026-06-18	19ed966fb8dafd80	jobs@mail.xing.com	1 URLs (tracker, auto-match=1, deferred=0)
2026-06-18	19ed963eae4379cd	jobs@mail.xing.com	2 URLs (tracker, auto-match=1, deferred=1)
2026-06-18	19ed960abe247f9d	jobs@mail.xing.com	2 URLs (tracker, auto-match=1, deferred=1)
2026-06-18	19ed95c3b9442c43	jobs@mail.xing.com	1 URLs (tracker, auto-match=1, deferred=0)
2026-06-18	19ed95bd77935010	jobs@mail.xing.com	1 URLs (tracker, auto-match=0, deferred=1)
2026-06-18	19ed95bbb036ce0f	jobs@mail.xing.com	3 URLs (tracker, auto-match=1, deferred=2)
2026-06-18	19ed95b76967d4bf	jobs@mail.xing.com	10 URLs (tracker, auto-match=0, deferred=10)
2026-06-18	19ed95a1b059082b	jobs@mail.xing.com	7 URLs (tracker, auto-match=0, deferred=7)
2026-06-18	19ed959c4bf6dde6	jobs@mail.xing.com	4 URLs (tracker, auto-match=1, deferred=3)
2026-06-18	19ed95949130d05d	jobs@mail.xing.com	5 URLs (tracker, auto-match=1, deferred=4)
2026-06-18	19ed9579130d86c2	jobs@mail.xing.com	5 URLs (tracker, auto-match=1, deferred=4)
2026-06-18	19ed9573cc4b9c60	jobs@mail.xing.com	1 URLs (tracker, auto-match=0, deferred=1)
2026-06-18	19ed8e2de7633cb6	jobalert@metajob.at	0 URLs (all 2 trackers unresolved)
2026-06-18	19ed8cee46e1b217	notifications@nofluffjobs.com	6 URLs (base64, auto-match=1, deferred=5)
2026-06-18	19ed8cee3de98f1f	notifications@nofluffjobs.com	2 URLs (base64, auto-match=0, deferred=2)
2026-06-18	19ed8cee2fac58d0	notifications@nofluffjobs.com	1 URLs (base64, auto-match=1, deferred=0)
2026-06-18	19ed677dd37cd583	donotreply@jobalert.indeed.com	3 URLs (direct, auto-match=0, deferred=3)
2026-06-18	19ed6623e4804950	donotreply@jobalert.indeed.com	9 URLs (direct, auto-match=0, deferred=9)
2026-06-18	19ed657ee6319625	donotreply@jobalert.indeed.com	9 URLs (direct, auto-match=9, deferred=0)
2026-06-18	19ed632c1c6d2b47	donotreply@jobalert.indeed.com	2 URLs (direct, auto-match=0, deferred=2)
2026-06-18	19ed62577899f39d	donotreply@jobalert.indeed.com	10 URLs (direct, auto-match=0, deferred=10)
2026-06-18	19ed6246fc3c11fa	donotreply@jobalert.indeed.com	12 URLs (direct, auto-match=0, deferred=12)
2026-06-18	19ed6065e8643ace	donotreply@jobalert.indeed.com	1 URLs (direct, auto-match=1, deferred=0)
2026-06-18	19ed5f84dd88a8ac	no-reply@justjoin.it	2 URLs (direct, auto-match=2, deferred=0)
2026-06-18	19ed5e722daae0b8	donotreply@jobalert.indeed.com	10 URLs (direct, auto-match=0, deferred=10)
2026-06-18	19ed5e2d9de1d42d	donotreply@jobalert.indeed.com	5 URLs (direct, auto-match=0, deferred=5)
2026-06-18	19ed5dc60d72d255	donotreply@jobalert.indeed.com	11 URLs (direct, auto-match=0, deferred=11)
2026-06-18	19ed5dc1401af88d	donotreply@jobalert.indeed.com	20 URLs (direct, auto-match=0, deferred=20)
2026-06-18	19ed5b8eee3f4bad	donotreply@jobalert.indeed.com	4 URLs (direct, auto-match=0, deferred=4)
2026-06-18	19ed5af1de0631f2	donotreply@jobalert.indeed.com	3 URLs (direct, auto-match=0, deferred=3)
2026-06-18	19ed5935034387df	donotreply@jobalert.indeed.com	0 URLs (none extracted)
2026-06-18	19ed58fb11c89dc4	donotreply@jobalert.indeed.com	1 URLs (direct, auto-match=0, deferred=1)
2026-06-18	19ed545cf2cd77f8	donotreply@jobalert.indeed.com	2 URLs (direct, auto-match=2, deferred=0)
2026-06-18	19ed522d23452cd3	donotreply@jobalert.indeed.com	6 URLs (direct, auto-match=6, deferred=0)
2026-06-18	19ed50f3e66beab7	donotreply@jobalert.indeed.com	1 URLs (direct, auto-match=0, deferred=1)
2026-06-18	19ed4a1488d6fc49	jobalerts-noreply@linkedin.com	6 URLs (direct, auto-match=0, deferred=6)
2026-06-19	19edeee5330e228e	jobalerts-noreply@linkedin.com	6 URLs (direct, auto-match=6, deferred=0)
2026-06-19	19edee6b4fcf8e74	jobalert@mailing.theprotocol.it	7 URLs (direct, auto-match=2, deferred=5)
2026-06-19	19edeb4740390ac2	no-reply@justjoin.it	2 URLs (direct, auto-match=2, deferred=0)
2026-06-19	19edeb336fc0744c	no-reply@justjoin.it	4 URLs (direct, auto-match=0, deferred=4)
2026-06-19	19ede90706a484a5	jobs@mail.xing.com	6 URLs (tracker, auto-match=5, deferred=1)
2026-06-19	19ede901df2d8dfb	jobs@mail.xing.com	3 URLs (tracker, auto-match=3, deferred=0)
2026-06-19	19ede9005c2c3003	jobs@mail.xing.com	1 URLs (tracker, auto-match=0, deferred=1)
2026-06-19	19ede8e4ad64deb9	jobs@mail.xing.com	3 URLs (tracker, auto-match=2, deferred=1)
2026-06-19	19ede8901e6d1338	jobs@mail.xing.com	5 URLs (tracker, auto-match=2, deferred=3)
2026-06-19	19ede870a5e7591c	jobs@mail.xing.com	1 URLs (tracker, auto-match=0, deferred=1)
2026-06-19	19ede86595326891	jobs@mail.xing.com	8 URLs (tracker, auto-match=2, deferred=6)
2026-06-19	19ede8414580045d	jobs@mail.xing.com	2 URLs (tracker, auto-match=0, deferred=2)
2026-06-19	19ede840fa8e4e43	jobs@mail.xing.com	4 URLs (tracker, auto-match=2, deferred=2)
2026-06-19	19ede83bf66a29dd	jobs@mail.xing.com	5 URLs (tracker, auto-match=3, deferred=2)
2026-06-19	19ede81c766c8513	jobs@mail.xing.com	2 URLs (tracker, auto-match=0, deferred=2)
2026-06-19	19ede81a34e85546	jobs@mail.xing.com	6 URLs (tracker, auto-match=2, deferred=4)
2026-06-19	19ede09438cbf2ed	jobalert@metajob.at	0 URLs (all 2 trackers unresolved)
2026-06-19	19eddf3c77994fa6	notifications@nofluffjobs.com	3 URLs (base64, auto-match=1, deferred=2)
2026-06-19	19eddf3bf6f8683c	notifications@nofluffjobs.com	1 URLs (base64, auto-match=0, deferred=1)
2026-06-19	19eddf3bd0d6cffe	notifications@nofluffjobs.com	1 URLs (base64, auto-match=1, deferred=0)
2026-06-19	19edc50afb4a8a64	donotreply@jobalert.indeed.com	1 URLs (direct, auto-match=0, deferred=1)
2026-06-19	19edbe4ae6208511	donotreply@jobalert.indeed.com	1 URLs (direct, auto-match=0, deferred=1)
2026-06-19	19edbd8a550739f4	donotreply@jobalert.indeed.com	3 URLs (direct, auto-match=0, deferred=3)
2026-06-19	19edbcfb3903f45e	donotreply@jobalert.indeed.com	3 URLs (direct, auto-match=3, deferred=0)
2026-06-19	19edb69d54a91d70	donotreply@jobalert.indeed.com	2 URLs (direct, auto-match=2, deferred=0)
2026-06-19	19edb4e045fb0abc	donotreply@jobalert.indeed.com	10 URLs (direct, auto-match=10, deferred=0)
2026-06-19	19edb4a5a0fcc0e8	donotreply@jobalert.indeed.com	14 URLs (direct, auto-match=0, deferred=14)
2026-06-19	19edb439c38b081b	donotreply@jobalert.indeed.com	1 URLs (direct, auto-match=0, deferred=1)
2026-06-19	19edb22d1f2419d8	donotreply@jobalert.indeed.com	11 URLs (direct, auto-match=11, deferred=0)
2026-06-19	19edb1812ee6909b	donotreply@jobalert.indeed.com	1 URLs (direct, auto-match=1, deferred=0)
2026-06-19	19edb12de78a40b2	donotreply@jobalert.indeed.com	12 URLs (direct, auto-match=12, deferred=0)
2026-06-19	19edb11adc7523d0	donotreply@jobalert.indeed.com	6 URLs (direct, auto-match=6, deferred=0)
2026-06-19	19edafde3c832b56	donotreply@jobalert.indeed.com	15 URLs (direct, auto-match=15, deferred=0)
2026-06-19	19edaf90c951d1ac	donotreply@jobalert.indeed.com	1 URLs (direct, auto-match=1, deferred=0)
2026-06-19	19edaf6180f15cf9	donotreply@jobalert.indeed.com	1 URLs (direct, auto-match=0, deferred=1)
2026-06-19	19edaeb96e5ea077	donotreply@jobalert.indeed.com	0 URLs (none extracted)
2026-06-19	19edae0ba2a8f376	donotreply@jobalert.indeed.com	3 URLs (direct, auto-match=3, deferred=0)
2026-06-19	19edade689b37cce	donotreply@jobalert.indeed.com	10 URLs (direct, auto-match=0, deferred=10)
2026-06-19	19edaddc4d54279e	donotreply@jobalert.indeed.com	3 URLs (direct, auto-match=3, deferred=0)
2026-06-19	19edacf47da17913	donotreply@jobalert.indeed.com	17 URLs (direct, auto-match=17, deferred=0)
2026-06-19	19edaa6f3240a220	donotreply@jobalert.indeed.com	2 URLs (direct, auto-match=2, deferred=0)
2026-06-19	19ed9c7a796996f7	jobalerts-noreply@linkedin.com	3 URLs (direct, auto-match=0, deferred=3)
2026-06-19	19eda8eb0f26e619	donotreply@jobalert.indeed.com	9 URLs (direct, auto-match=9, deferred=0)
2026-06-19	19eda0a84bbc01bb	jobs@mail.xing.com	7 URLs (tracker, auto-match=4, deferred=3)
2026-06-19	19eda0863da8ec6a	jobs@mail.xing.com	7 URLs (tracker, auto-match=3, deferred=4)
2026-06-19	19ed9f1cc42a4b2d	jobalert@mailing.theprotocol.it	6 URLs (direct, auto-match=0, deferred=6)
2026-06-19	19ed9d82b4a2946a	jobalert@mailing.theprotocol.it	6 URLs (direct, auto-match=0, deferred=6)
2026-06-20	19ee4158ab3babfc	jobalerts-noreply@linkedin.com	6 URLs (direct, auto-match=6, deferred=0)
2026-06-20	19ee3dbd15beed94	no-reply@justjoin.it	10 URLs (direct, auto-match=10, deferred=0)
2026-06-20	19ee3da0af2f5f12	no-reply@justjoin.it	4 URLs (direct, auto-match=3, deferred=1)
2026-06-20	19ee3b1a70c1c2a0	jobs@mail.xing.com	2 URLs (tracker, auto-match=1, deferred=1)
2026-06-20	19ee3afa39a5a058	jobs@mail.xing.com	2 URLs (tracker, auto-match=1, deferred=1)
2026-06-20	19ee3aca7b29740b	jobs@mail.xing.com	2 URLs (tracker, auto-match=1, deferred=1)
2026-06-20	19ee3abe3b5914a5	jobs@mail.xing.com	6 URLs (tracker, auto-match=2, deferred=4)
2026-06-20	19ee3aa351f9fc53	jobs@mail.xing.com	3 URLs (tracker, auto-match=2, deferred=1)
2026-06-20	19ee3a8a68dcfa02	jobs@mail.xing.com	3 URLs (tracker, auto-match=2, deferred=1)
2026-06-20	19ee32f979d38c3b	jobalert@metajob.at	0 URLs (all 2 trackers unresolved)
2026-06-20	19ee31193f4e7051	notifications@nofluffjobs.com	1 URLs (base64, auto-match=1, deferred=0)
2026-06-20	19ee31193e52cab5	notifications@nofluffjobs.com	2 URLs (base64, auto-match=0, deferred=2)
2026-06-20	19ee3119310da375	notifications@nofluffjobs.com	6 URLs (base64, auto-match=1, deferred=5)
2026-06-20	19ee12b52967cf6a	donotreply@jobalert.indeed.com	2 URLs (direct, auto-match=0, deferred=2)
2026-06-20	19ee108993687b35	donotreply@jobalert.indeed.com	0 URLs (none extracted)
2026-06-20	19ee0d00f34beee8	donotreply@jobalert.indeed.com	0 URLs (none extracted)
2026-06-20	19ee0bc02ee5ce30	donotreply@jobalert.indeed.com	1 URLs (direct, auto-match=0, deferred=1)
2026-06-20	19ee0a71bae54e4e	donotreply@jobalert.indeed.com	1 URLs (direct, auto-match=0, deferred=1)
2026-06-20	19ee097d41ab0b74	donotreply@jobalert.indeed.com	2 URLs (direct, auto-match=0, deferred=2)
2026-06-20	19ee08adfd292fd1	donotreply@jobalert.indeed.com	11 URLs (direct, auto-match=0, deferred=11)
2026-06-20	19ee06d955177f09	donotreply@jobalert.indeed.com	6 URLs (direct, auto-match=0, deferred=6)
2026-06-20	19ee0628b0c923b5	donotreply@jobalert.indeed.com	10 URLs (direct, auto-match=10, deferred=0)
2026-06-20	19ee06104a665a4a	donotreply@jobalert.indeed.com	3 URLs (direct, auto-match=3, deferred=0)
2026-06-20	19ee05f6f4f7cd83	donotreply@jobalert.indeed.com	13 URLs (direct, auto-match=0, deferred=13)
2026-06-20	19ee050234c3b357	donotreply@jobalert.indeed.com	1 URLs (direct, auto-match=0, deferred=1)
2026-06-20	19ee048fdfa1aa76	donotreply@jobalert.indeed.com	2 URLs (direct, auto-match=2, deferred=0)
2026-06-20	19ee045a0e7139c5	donotreply@jobalert.indeed.com	1 URLs (direct, auto-match=0, deferred=1)
2026-06-20	19ee032aa25c443b	donotreply@jobalert.indeed.com	1 URLs (direct, auto-match=1, deferred=0)
2026-06-20	19ee0275d71de651	donotreply@jobalert.indeed.com	16 URLs (direct, auto-match=16, deferred=0)
2026-06-20	19ee01bacd389647	donotreply@jobalert.indeed.com	5 URLs (direct, auto-match=0, deferred=5)
2026-06-20	19ee019f03ba0e80	jobs@mail.xing.com	16 URLs (tracker, auto-match=7, deferred=9)
2026-06-20	19ee01809b23a53a	donotreply@jobalert.indeed.com	2 URLs (direct, auto-match=2, deferred=0)
2026-06-20	19ee016acaa5dbd9	donotreply@jobalert.indeed.com	1 URLs (direct, auto-match=0, deferred=1)
2026-06-20	19ee01241f799962	donotreply@jobalert.indeed.com	10 URLs (direct, auto-match=0, deferred=10)
2026-06-20	19edff2516f9ae37	donotreply@jobalert.indeed.com	2 URLs (direct, auto-match=0, deferred=2)
2026-06-20	19edfb3ee1bc8839	donotreply@jobalert.indeed.com	2 URLs (direct, auto-match=2, deferred=0)
2026-06-20	19edfb04d49fdd84	donotreply@jobalert.indeed.com	7 URLs (direct, auto-match=0, deferred=7)
2026-06-20	19edfa106f45f2ad	donotreply@jobalert.indeed.com	2 URLs (direct, auto-match=2, deferred=0)
2026-06-20	19edef9068c455a7	jobalert@mailing.theprotocol.it	5 URLs (direct, auto-match=0, deferred=5)
2026-06-21	19ee93abf364fab1	jobalerts-noreply@linkedin.com	3 URLs (direct, auto-match=0, deferred=3)
2026-06-21	19ee8d7095c6a6a5	jobs@mail.xing.com	1 URLs (tracker, auto-match=1, deferred=0)
2026-06-21	19ee8d6e98d020f4	jobs@mail.xing.com	1 URLs (tracker, auto-match=1, deferred=0)
2026-06-21	19ee8d6e2c20bd19	jobs@mail.xing.com	3 URLs (tracker, auto-match=1, deferred=2)
2026-06-21	19ee8d6c4b5812a1	jobs@mail.xing.com	1 URLs (tracker, auto-match=0, deferred=1)
2026-06-21	19ee8d6bb1ca4321	jobs@mail.xing.com	5 URLs (tracker, auto-match=3, deferred=2)
2026-06-21	19ee8d45e2e35da7	jobs@mail.xing.com	4 URLs (tracker, auto-match=3, deferred=1)
2026-06-21	19ee8d3eed2fb266	jobs@mail.xing.com	4 URLs (tracker, auto-match=3, deferred=1)
2026-06-21	19ee8cef135b90f1	jobs@mail.xing.com	4 URLs (tracker, auto-match=3, deferred=1)
2026-06-21	19ee8ceabec2cee6	jobs@mail.xing.com	5 URLs (tracker, auto-match=4, deferred=1)
2026-06-21	19ee8ce33ef3bf6b	jobs@mail.xing.com	5 URLs (tracker, auto-match=0, deferred=5)
2026-06-21	19ee8cda603cca84	jobs@mail.xing.com	4 URLs (tracker, auto-match=3, deferred=1)
2026-06-21	19ee855f3d4627d5	jobalert@metajob.at	0 URLs (all 2 trackers unresolved)
2026-06-21	19ee62cb11b653be	donotreply@jobalert.indeed.com	2 URLs (direct, auto-match=0, deferred=2)
2026-06-21	19ee6168f475403c	donotreply@jobalert.indeed.com	1 URLs (direct, auto-match=0, deferred=1)
2026-06-21	19ee5e5593368a7a	donotreply@jobalert.indeed.com	1 URLs (direct, auto-match=0, deferred=1)
2026-06-21	19ee5a1bd5b8815d	donotreply@jobalert.indeed.com	7 URLs (direct, auto-match=0, deferred=7)
2026-06-21	19ee58ab7a1b9f73	donotreply@jobalert.indeed.com	1 URLs (direct, auto-match=0, deferred=1)
2026-06-21	19ee57e458e39cd9	donotreply@jobalert.indeed.com	12 URLs (direct, auto-match=0, deferred=12)
2026-06-21	19ee57bd6f342bd3	donotreply@jobalert.indeed.com	0 URLs (none extracted)
2026-06-21	19ee57427ed60b30	donotreply@jobalert.indeed.com	2 URLs (direct, auto-match=2, deferred=0)
2026-06-21	19ee570c39964b6e	donotreply@jobalert.indeed.com	2 URLs (direct, auto-match=0, deferred=2)
2026-06-21	19ee568e3794b445	no-reply@justjoin.it	2 URLs (direct, auto-match=2, deferred=0)
2026-06-21	19ee55b65d85d9b5	donotreply@jobalert.indeed.com	2 URLs (direct, auto-match=2, deferred=0)
2026-06-21	19ee54f0b9c2635e	donotreply@jobalert.indeed.com	1 URLs (direct, auto-match=1, deferred=0)
2026-06-21	19ee54efd541fa8d	donotreply@jobalert.indeed.com	11 URLs (direct, auto-match=11, deferred=0)
2026-06-21	19ee542f7c5e95f6	donotreply@jobalert.indeed.com	1 URLs (direct, auto-match=0, deferred=1)
2026-06-21	19ee53b2978fc1fc	donotreply@jobalert.indeed.com	1 URLs (direct, auto-match=0, deferred=1)
2026-06-21	19ee5364f57f1519	donotreply@jobalert.indeed.com	1 URLs (direct, auto-match=1, deferred=0)
2026-06-21	19ee529cda3fa69a	donotreply@jobalert.indeed.com	2 URLs (direct, auto-match=0, deferred=2)
2026-06-21	19ee51b7a4911083	donotreply@jobalert.indeed.com	2 URLs (direct, auto-match=2, deferred=0)
2026-06-21	19ee50c5cf3c479f	donotreply@jobalert.indeed.com	5 URLs (direct, auto-match=0, deferred=5)
2026-06-21	19ee501705b8f445	donotreply@jobalert.indeed.com	0 URLs (none extracted)
2026-06-21	19ee4f5cb36aacac	donotreply@jobalert.indeed.com	9 URLs (direct, auto-match=0, deferred=9)
2026-06-21	19ee4f1e92312a16	donotreply@jobalert.indeed.com	1 URLs (direct, auto-match=1, deferred=0)
2026-06-21	19ee4e849898d63f	donotreply@jobalert.indeed.com	2 URLs (direct, auto-match=0, deferred=2)
2026-06-21	19ee4c1e482651c7	donotreply@jobalert.indeed.com	8 URLs (direct, auto-match=8, deferred=0)
2026-06-21	19ee4b51347b9fb6	donotreply@jobalert.indeed.com	7 URLs (direct, auto-match=0, deferred=7)
2026-06-21	19ee482387825b4f	jobalerts-noreply@linkedin.com	6 URLs (direct, auto-match=0, deferred=6)
2026-06-21	19ee440d95c32132	jobalert@mailing.theprotocol.it	5 URLs (direct, auto-match=0, deferred=5)
2026-06-21	19ee427233750e17	app@germantechjobs.de	1 URLs (direct, auto-match=0, deferred=1)
2026-06-22	19eee610e06ab349	jobalerts-noreply@linkedin.com	6 URLs (direct, auto-match=0, deferred=6)
2026-06-22	19eee41b56c73036	notifications@nofluffjobs.com	3 URLs (base64, auto-match=3, deferred=0)
2026-06-22	19eee41b31d6471a	notifications@nofluffjobs.com	6 URLs (base64, auto-match=0, deferred=6)
2026-06-22	19eee41b0c94a713	notifications@nofluffjobs.com	5 URLs (base64, auto-match=1, deferred=4)
2026-06-22	19eedf610b93c20c	jobs@mail.xing.com	1 URLs (tracker, auto-match=0, deferred=1)
2026-06-22	19eedc8d32b6cf90	notifications@app.instaffo.com	2 URLs (plaintext, auto-match=0, deferred=2)
2026-06-22	19eed7c47903fd78	jobalert@metajob.at	0 URLs (all 2 trackers unresolved)
2026-06-22	19eeba9b59e39fa1	donotreply@jobalert.indeed.com	2 URLs (direct, auto-match=0, deferred=2)
2026-06-22	19eeae0f0581f060	donotreply@jobalert.indeed.com	11 URLs (direct, auto-match=0, deferred=11)
2026-06-22	19eeac2dbad01a9d	donotreply@jobalert.indeed.com	0 URLs (none extracted)
2026-06-22	19eeaa8f643a7476	donotreply@jobalert.indeed.com	1 URLs (direct, auto-match=1, deferred=0)
2026-06-22	19eeaa6129907d2a	donotreply@jobalert.indeed.com	10 URLs (direct, auto-match=10, deferred=0)
2026-06-22	19eea93fa0fda293	donotreply@jobalert.indeed.com	2 URLs (direct, auto-match=2, deferred=0)
2026-06-22	19eea92537348fd7	donotreply@jobalert.indeed.com	0 URLs (none extracted)
2026-06-22	19eea695e9658045	notifications@nofluffjobs.com	3 URLs (base64, auto-match=3, deferred=0)
2026-06-22	19eea695e3debf62	notifications@nofluffjobs.com	6 URLs (base64, auto-match=0, deferred=6)
2026-06-22	19eea6959dc03709	notifications@nofluffjobs.com	14 URLs (base64, auto-match=0, deferred=14)
2026-06-22	19eea66216c152e6	donotreply@jobalert.indeed.com	13 URLs (direct, auto-match=0, deferred=13)
2026-06-22	19eea57f1bd9cdc3	donotreply@jobalert.indeed.com	1 URLs (direct, auto-match=1, deferred=0)
2026-06-22	19eea534d45a60b4	donotreply@jobalert.indeed.com	0 URLs (none extracted)
2026-06-22	19eea3c2baa964ce	donotreply@jobalert.indeed.com	1 URLs (direct, auto-match=0, deferred=1)
2026-06-22	19eea3214b2df983	donotreply@jobalert.indeed.com	1 URLs (direct, auto-match=0, deferred=1)
2026-06-22	19eea2edebb3b3b5	donotreply@jobalert.indeed.com	0 URLs (none extracted)
2026-06-22	19eea2866137bc00	donotreply@jobalert.indeed.com	1 URLs (direct, auto-match=1, deferred=0)
2026-06-22	19eea18a6caefd37	donotreply@jobalert.indeed.com	8 URLs (direct, auto-match=8, deferred=0)
2026-06-22	19eea17bad3830cd	donotreply@jobalert.indeed.com	13 URLs (direct, auto-match=13, deferred=0)
2026-06-22	19eea167149b75f5	jobalerts-noreply@linkedin.com	6 URLs (direct, auto-match=6, deferred=0)
2026-06-22	19ee9f1aa7dac024	donotreply@jobalert.indeed.com	7 URLs (direct, auto-match=7, deferred=0)
2026-06-22	19ee93abf364fab1	jobalerts-noreply@linkedin.com	3 URLs (direct, auto-match=0, deferred=3)
2026-06-23	19ef38818ac7731e	jobalerts-noreply@linkedin.com	3 URLs (direct, auto-match=0, deferred=3)
2026-06-23	19ef34c1847063ec	no-reply@justjoin.it	5 URLs (direct, auto-match=0, deferred=5)
2026-06-23	19ef32438f427c99	jobs@mail.xing.com	10 URLs (tracker, auto-match=0, deferred=10)
2026-06-23	19ef3243260efea6	jobs@mail.xing.com	8 URLs (tracker, auto-match=2, deferred=6)
2026-06-23	19ef321563505414	jobs@mail.xing.com	10 URLs (tracker, auto-match=0, deferred=10)
2026-06-23	19ef3214d13235f9	jobs@mail.xing.com	10 URLs (tracker, auto-match=0, deferred=10)
2026-06-23	19ef31b4c0be1fd5	jobs@mail.xing.com	2 URLs (tracker, auto-match=1, deferred=1)
2026-06-23	19ef31af7dd49f6b	jobs@mail.xing.com	9 URLs (tracker, auto-match=0, deferred=9)
2026-06-23	19ef3195b61c10d6	jobs@mail.xing.com	9 URLs (tracker, auto-match=0, deferred=9)
2026-06-23	19ef31953e682da9	jobs@mail.xing.com	1 URLs (tracker, auto-match=0, deferred=1)
2026-06-23	19ef3194cbfaba2f	jobs@mail.xing.com	12 URLs (tracker, auto-match=0, deferred=12)
2026-06-23	19ef31948fbc7bbe	jobs@mail.xing.com	10 URLs (tracker, auto-match=0, deferred=10)
2026-06-23	19ef318f9dfdd74d	jobs@mail.xing.com	5 URLs (tracker, auto-match=1, deferred=4)
2026-06-23	19ef2a2aa261d436	jobalert@metajob.at	0 URLs (all 2 trackers unresolved)
2026-06-23	19ef284bd81f8e72	notifications@nofluffjobs.com	8 URLs (base64, auto-match=7, deferred=1)
2026-06-23	19ef284bc6ceabd9	notifications@nofluffjobs.com	1 URLs (base64, auto-match=0, deferred=1)
2026-06-23	19ef284bc4f2cac0	notifications@nofluffjobs.com	0 URLs (none extracted)
2026-06-23	19ef2650dc0168d3	donotreply@jobalert.indeed.com	1 URLs (direct, auto-match=0, deferred=1)
2026-06-23	19ef1cc2a5918760	donotreply@jobalert.indeed.com	0 URLs (none extracted)
2026-06-23	19ef07926b1d6288	donotreply@jobalert.indeed.com	2 URLs (direct, auto-match=0, deferred=2)
2026-06-23	19eefd62e398326a	donotreply@jobalert.indeed.com	0 URLs (none extracted)
2026-06-23	19eefcc08ff679d1	donotreply@jobalert.indeed.com	0 URLs (none extracted)
2026-06-23	19eefb83f2f5b576	donotreply@jobalert.indeed.com	7 URLs (direct, auto-match=0, deferred=7)
2026-06-23	19eefb0e44e33a3e	donotreply@jobalert.indeed.com	10 URLs (direct, auto-match=0, deferred=10)
2026-06-23	19eefa5679647d5f	donotreply@jobalert.indeed.com	2 URLs (direct, auto-match=2, deferred=0)
2026-06-23	19eefa24c2e1591d	donotreply@jobalert.indeed.com	0 URLs (none extracted)
2026-06-23	19eef8aa2336103e	donotreply@jobalert.indeed.com	8 URLs (direct, auto-match=8, deferred=0)
2026-06-23	19eef8373e897ff8	donotreply@jobalert.indeed.com	13 URLs (direct, auto-match=0, deferred=13)
2026-06-23	19eef7fee0a25fc4	donotreply@jobalert.indeed.com	0 URLs (none extracted)
2026-06-23	19eef73373df4796	donotreply@jobalert.indeed.com	10 URLs (direct, auto-match=10, deferred=0)
2026-06-23	19eef712a8042b67	donotreply@jobalert.indeed.com	5 URLs (direct, auto-match=0, deferred=5)
2026-06-23	19eef6f59d6850c2	donotreply@jobalert.indeed.com	0 URLs (none extracted)
2026-06-23	19eef5aa7111d5eb	donotreply@jobalert.indeed.com	4 URLs (direct, auto-match=0, deferred=4)
2026-06-23	19eef58c2b20b98c	donotreply@jobalert.indeed.com	0 URLs (none extracted)
2026-06-23	19eef39dcbdd9107	donotreply@jobalert.indeed.com	15 URLs (direct, auto-match=15, deferred=0)
2026-06-23	19eef2697b145ca1	donotreply@jobalert.indeed.com	5 URLs (direct, auto-match=0, deferred=5)
2026-06-23	19eeedf53fdc8abb	donotreply@jobalert.indeed.com	1 URLs (direct, auto-match=0, deferred=1)
2026-06-24	19ef8add85e71916	jobalerts-noreply@linkedin.com	6 URLs (direct, auto-match=6, deferred=0)
2026-06-24	19ef87672360d236	no-reply@justjoin.it	3 URLs (direct, auto-match=2, deferred=1)
2026-06-24	19ef873b2f66f60f	no-reply@justjoin.it	4 URLs (direct, auto-match=1, deferred=3)
2026-06-24	19ef84affd380059	jobs@mail.xing.com	5 URLs (tracker, auto-match=1, deferred=4)
2026-06-24	19ef84af5e085524	jobs@mail.xing.com	1 URLs (tracker, auto-match=0, deferred=1)
2026-06-24	19ef84aca001f6b6	jobs@mail.xing.com	2 URLs (tracker, auto-match=1, deferred=1)
2026-06-24	19ef847ec1c32ed8	jobs@mail.xing.com	1 URLs (tracker, auto-match=0, deferred=1)
2026-06-24	19ef842662427c03	jobs@mail.xing.com	7 URLs (tracker, auto-match=1, deferred=6)
2026-06-24	19ef842559c09794	jobs@mail.xing.com	3 URLs (tracker, auto-match=2, deferred=1)
2026-06-24	19ef8409ef65ce7d	jobs@mail.xing.com	4 URLs (tracker, auto-match=2, deferred=2)
2026-06-24	19ef8406d96497ca	jobs@mail.xing.com	3 URLs (tracker, auto-match=2, deferred=1)
2026-06-24	19ef7c908ac81cc4	jobalert@metajob.at	0 URLs (all 2 trackers unresolved)
2026-06-24	19ef7af290b71716	notifications@nofluffjobs.com	0 URLs (none extracted)
2026-06-24	19ef7af287464f0b	notifications@nofluffjobs.com	7 URLs (base64, auto-match=3, deferred=4)
2026-06-24	19ef5d2281cecc39	donotreply@jobalert.indeed.com	1 URLs (direct, auto-match=0, deferred=1)
2026-06-24	19ef59bc5dcd9b21	jobs@mail.xing.com	16 URLs (tracker, auto-match=7, deferred=9)
2026-06-24	19ef56826fe99829	donotreply@jobalert.indeed.com	1 URLs (direct, auto-match=0, deferred=1)
2026-06-24	19ef54c0b1052139	donotreply@jobalert.indeed.com	1 URLs (direct, auto-match=0, deferred=1)
2026-06-24	19ef53de00a340d8	donotreply@jobalert.indeed.com	0 URLs (none extracted)
2026-06-24	19ef525afe2990af	donotreply@jobalert.indeed.com	1 URLs (direct, auto-match=0, deferred=1)
2026-06-24	19ef50c2038ac6d5	donotreply@jobalert.indeed.com	1 URLs (direct, auto-match=0, deferred=1)
2026-06-24	19ef4fd7c5450053	donotreply@jobalert.indeed.com	5 URLs (direct, auto-match=5, deferred=0)
2026-06-24	19ef2650dc0168d3	donotreply@jobalert.indeed.com	1 URLs (direct, auto-match=0, deferred=1)
2026-06-24	19ef4dc1da3a93bb	no-reply@justjoin.it	0 URLs (none extracted)
2026-06-24	19ef4db34a9fbf31	donotreply@jobalert.indeed.com	15 URLs (direct, auto-match=0, deferred=15)
2026-06-24	19ef4d914957d397	donotreply@jobalert.indeed.com	17 URLs (direct, auto-match=0, deferred=17)
2026-06-24	19ef4d7e344036ca	donotreply@jobalert.indeed.com	11 URLs (direct, auto-match=0, deferred=11)
2026-06-24	19ef4d20f7e21341	donotreply@jobalert.indeed.com	8 URLs (direct, auto-match=0, deferred=8)
2026-06-24	19ef4cb26d604c1b	donotreply@jobalert.indeed.com	14 URLs (direct, auto-match=14, deferred=0)
2026-06-24	19ef4ac5964571ab	donotreply@jobalert.indeed.com	0 URLs (none extracted)
2026-06-24	19ef4aa6f4125d4e	donotreply@jobalert.indeed.com	13 URLs (direct, auto-match=0, deferred=13)
2026-06-24	19ef48ef885fc8fd	donotreply@jobalert.indeed.com	0 URLs (none extracted)
2026-06-24	19ef48a641c2c78e	donotreply@jobalert.indeed.com	1 URLs (direct, auto-match=0, deferred=1)
2026-06-24	19ef47a388e25a37	donotreply@jobalert.indeed.com	1 URLs (direct, auto-match=0, deferred=1)
2026-06-24	19ef463fe5e5bd96	jobalerts-noreply@linkedin.com	6 URLs (direct, auto-match=6, deferred=0)
2026-06-24	19ef45be77041f70	donotreply@jobalert.indeed.com	4 URLs (direct, auto-match=0, deferred=4)
2026-06-24	19ef44e60c2ff6e4	donotreply@jobalert.indeed.com	6 URLs (direct, auto-match=6, deferred=0)
2026-06-24	19ef43180653f638	donotreply@jobalert.indeed.com	6 URLs (direct, auto-match=6, deferred=0)
2026-06-24	19ef3ff32c2266de	donotreply@jobalert.indeed.com	2 URLs (direct, auto-match=0, deferred=2)
2026-06-24	19ef38818ac7731e	jobalerts-noreply@linkedin.com	3 URLs (direct, auto-match=0, deferred=3)
